"id","text","createTime","authorMeta.id","authorMeta.secUid","authorMeta.name","authorMeta.nickName","authorMeta.verified","authorMeta.signature","authorMeta.avatar","musicMeta.musicId","musicMeta.musicName","musicMeta.musicAuthor","musicMeta.musicOriginal","musicMeta.playUrl","musicMeta.coverThumb","musicMeta.coverMedium","musicMeta.coverLarge","covers.default","covers.origin","covers.dynamic","webVideoUrl","videoUrl","videoUrlNoWaterMark","videoMeta.height","videoMeta.width","videoMeta.duration","diggCount","shareCount","playCount","commentCount","downloaded","mentions","hashtags"
"6851737525355154694","El mon√≥logo de Do√±a Geoco ü§£ #ecuador #3familias #comedia #humor",1595294461,"6766084484909171718","MS4wLjABAAAAWIKwSiD8nXKaO80LjAMLkmG7xchDxh7u9uLmu6D1D9l6W4xHobMBN8Dwzz-yNiwe","ecuavisaec","Ecuavisa",false,"Informaci√≥n actualizadaüëÜüèº","https://p16-sign-sg.tiktokcdn.com/musically-maliva-obj/1658351143820294~c5_1080x1080.jpeg?x-expires=1600646400&x-signature=%2FaUeWXdv2Y5g%2FBO0wAngw7p2tJQ%3D","6851737513279621893","sonido original","Ecuavisa",true,"https://sf16-sg.tiktokcdn.com/obj/musically-maliva-obj/6851737466458622725.mp3","https://p16-sign-sg.tiktokcdn.com/musically-maliva-obj/1658351143820294~c5_100x100.jpeg?x-expires=1600646400&x-signature=WhZFezqt3J4n%2FD21PjM6%2B8CCzkg%3D","https://p16-sign-sg.tiktokcdn.com/musically-maliva-obj/1658351143820294~c5_720x720.jpeg?x-expires=1600646400&x-signature=eabNA3%2BCpTZE8QjtzVdyZECayBI%3D","https://p16-sign-sg.tiktokcdn.com/musically-maliva-obj/1658351143820294~c5_1080x1080.jpeg?x-expires=1600646400&x-signature=%2FaUeWXdv2Y5g%2FBO0wAngw7p2tJQ%3D","https://p16-sign-sg.tiktokcdn.com/obj/tos-maliva-p-0068/914d79afbe2c4580955dff5729f66550?x-expires=1600581600&x-signature=S%2FkV7NrZ%2BjzkFKWCJjA%2BzUVckXc%3D","https://p16-sign-sg.tiktokcdn.com/obj/tos-maliva-p-0068/6bf82e76070b4da1bf4c3966fafe1f1e_1595294463?x-expires=1600581600&x-signature=qrxbQea%2BsgG1yUkh7L49OTyYM5I%3D","https://p16-sign-sg.tiktokcdn.com/obj/tos-maliva-p-0068/15c3603029824a738854fa284dc00da7_1595294464?x-expires=1600581600&x-signature=T1jSv5pd8gCbVIVAJFE0qIUGOqs%3D","https://www.tiktok.com/@ecuavisaec/video/6851737525355154694","https://v16-web.tiktokcdn.com/dd146dab4cc17f728df3a6983a5adb16/5f66f3c6/video/tos/useast2a/tos-useast2a-ve-0068c003/c4fc2bf7909f4f65a5efbd8423e7c1e5/?a=1988&br=1096&bt=548&cr=0&cs=0&cv=1&dr=0&ds=3&er=&l=202009200016240101901910470814664C&lr=tiktok_m&mime_type=video_mp4&qs=0&rc=M2xleTtxb3Q3djMzMzczM0ApM2dkO2RpaGRmN2YzOWc1ZmdfXmZrLi5oMl9fLS0vMTZzczBeMDJeMTM2YmItL2AvYzE6Yw%3D%3D&vl=&vr=","",960,540,14,1639,9,7989,13,false,"[]","[{""id"":""31306"",""name"":""ecuador"",""title"":"""",""cover"":""""},{""id"":""59592573"",""name"":""3familias"",""title"":"""",""cover"":""""},{""id"":""143516"",""name"":""comedia"",""title"":""¬°Mira los mejores videos de comedia!"",""cover"":""""},{""id"":""19336"",""name"":""humor"",""title"":"""",""cover"":""""}]"
"6849510372290891013","Do√±a Geoco te ense√±a a pedir perd√≥n #ecuador #3familias #mehacefeliz #comedia #humor #funny",1594775912,"6766084484909171718","MS4wLjABAAAAWIKwSiD8nXKaO80LjAMLkmG7xchDxh7u9uLmu6D1D9l6W4xHobMBN8Dwzz-yNiwe","ecuavisaec","Ecuavisa",false,"Informaci√≥n actualizadaüëÜüèº","https://p16-sign-sg.tiktokcdn.com/musically-maliva-obj/1658351143820294~c5_1080x1080.jpeg?x-expires=1600646400&x-signature=%2FaUeWXdv2Y5g%2FBO0wAngw7p2tJQ%3D","6849510344558234374","sonido original","Ecuavisa",true,"https://sf16-sg.tiktokcdn.com/obj/musically-maliva-obj/6849510314774465286.mp3","https://p16-sign-sg.tiktokcdn.com/musically-maliva-obj/1658351143820294~c5_100x100.jpeg?x-expires=1600646400&x-signature=WhZFezqt3J4n%2FD21PjM6%2B8CCzkg%3D","https://p16-sign-sg.tiktokcdn.com/musically-maliva-obj/1658351143820294~c5_720x720.jpeg?x-expires=1600646400&x-signature=eabNA3%2BCpTZE8QjtzVdyZECayBI%3D","https://p16-sign-sg.tiktokcdn.com/musically-maliva-obj/1658351143820294~c5_1080x1080.jpeg?x-expires=1600646400&x-signature=%2FaUeWXdv2Y5g%2FBO0wAngw7p2tJQ%3D","https://p16-sign-sg.tiktokcdn.com/obj/tos-maliva-p-0068/17749ea45f884ec28dc772c2517f352d?x-expires=1600581600&x-signature=zoyBoE3MNoVfp5KKGE8Xo9lf3OU%3D","https://p16-sign-sg.tiktokcdn.com/obj/tos-maliva-p-0068/b476cd8b625e4384bf9fbf7bf114dd33_1594775914?x-expires=1600581600&x-signature=cpRvMC6rWOpoq6YDRRMsLdOh28s%3D","https://p16-sign-sg.tiktokcdn.com/obj/tos-maliva-p-0068/ca5d7e4028d14d1db81195f92cb7bef2_1594775914?x-expires=1600581600&x-signature=z8Q%2BuqRXvhchG2wYRvmi6fw8PbA%3D","https://www.tiktok.com/@ecuavisaec/video/6849510372290891013","https://v16-web.tiktokcdn.com/4301115c88defd38f426e9e23ec076a6/5f66f3c6/video/tos/useast2a/tos-useast2a-pve-0068/d323b07afca744998177996945ab70c5/?a=1988&br=1004&bt=502&cr=0&cs=0&cv=1&dr=0&ds=3&er=&l=202009200016240101901910470814664C&lr=tiktok_m&mime_type=video_mp4&qs=0&rc=amk4NjVuNG04djMzPDczM0ApODo7ZzM1aTxkNzw6Zjo1aGdib2Vkci5sZjRfLS1eMTZzczZgMi1eMmEwYC4uYTIxYGM6Yw%3D%3D&vl=&vr=","",960,540,14,1583,10,9927,12,false,"[]","[{""id"":""31306"",""name"":""ecuador"",""title"":"""",""cover"":""""},{""id"":""59592573"",""name"":""3familias"",""title"":"""",""cover"":""""},{""id"":""29957680"",""name"":""mehacefeliz"",""title"":""Dicen que el 6to video de tu galer√≠a es lo que te hace m√°s feliz. ¬°Recuerda utilizar la funci√≥n de pantalla verde!‚òÄÔ∏è"",""cover"":""""},{""id"":""143516"",""name"":""comedia"",""title"":""¬°Mira los mejores videos de comedia!"",""cover"":""""},{""id"":""19336"",""name"":""humor"",""title"":"""",""cover"":""""},{""id"":""5424"",""name"":""funny"",""title"":"""",""cover"":""""}]"
"6847669475437792518","El bueno, el malo y la fea ü§£ #ecuador #yayaya #3familias #mehacefeliz #comedia #humor",1594347298,"6766084484909171718","MS4wLjABAAAAWIKwSiD8nXKaO80LjAMLkmG7xchDxh7u9uLmu6D1D9l6W4xHobMBN8Dwzz-yNiwe","ecuavisaec","Ecuavisa",false,"Informaci√≥n actualizadaüëÜüèº","https://p16-sign-sg.tiktokcdn.com/musically-maliva-obj/1658351143820294~c5_1080x1080.jpeg?x-expires=1600646400&x-signature=%2FaUeWXdv2Y5g%2FBO0wAngw7p2tJQ%3D","6847669463865690885","sonido original","Ecuavisa",true,"https://sf16-sg.tiktokcdn.com/obj/musically-maliva-obj/6847669431389195014.mp3","https://p16-sign-sg.tiktokcdn.com/musically-maliva-obj/1658351143820294~c5_100x100.jpeg?x-expires=1600646400&x-signature=WhZFezqt3J4n%2FD21PjM6%2B8CCzkg%3D","https://p16-sign-sg.tiktokcdn.com/musically-maliva-obj/1658351143820294~c5_720x720.jpeg?x-expires=1600646400&x-signature=eabNA3%2BCpTZE8QjtzVdyZECayBI%3D","https://p16-sign-sg.tiktokcdn.com/musically-maliva-obj/1658351143820294~c5_1080x1080.jpeg?x-expires=1600646400&x-signature=%2FaUeWXdv2Y5g%2FBO0wAngw7p2tJQ%3D","https://p16-sign-sg.tiktokcdn.com/obj/tos-maliva-p-0068/a95616eb333947cdb163152b64e30772_1594347300?x-expires=1600581600&x-signature=pNXTZxmgPU%2BkvOa4YDGlWlPuOTE%3D","https://p16-sign-sg.tiktokcdn.com/obj/tos-maliva-p-0068/84470614c7ff4c3c8553c749b887f12f_1594347299?x-expires=1600581600&x-signature=gip6xuttb65anGycHtOy1K%2FrEQs%3D","https://p16-sign-sg.tiktokcdn.com/obj/tos-maliva-p-0068/693fb99dd4484cec807674cfd89f138c_1594347299?x-expires=1600581600&x-signature=frTrOkqmPvP5ABIeIwF9RjdOeus%3D","https://www.tiktok.com/@ecuavisaec/video/6847669475437792518","https://v16-web.tiktokcdn.com/722a1262a990e0390679e25da5b26751/5f66f3f3/video/tos/useast2a/tos-useast2a-pve-0068/99a902ff4ecc4daf87991e0d72c14da6/?a=1988&br=1292&bt=646&cr=0&cs=0&cv=1&dr=0&ds=3&er=&l=202009200016240101901910470814664C&lr=tiktok_m&mime_type=video_mp4&qs=0&rc=M2Vub2tlZHh2djMzaTczM0ApZTVmNTdnODtmN2VmODw0OmcuNWlmbW9xcTBfLS1iMTZzc14xNS1gNGM1MjQtNV40MC86Yw%3D%3D&vl=&vr=","",960,540,59,3382,75,26900,22,false,"[]","[{""id"":""31306"",""name"":""ecuador"",""title"":"""",""cover"":""""},{""id"":""97988"",""name"":""yayaya"",""title"":"".¬øPuedes con la tendencia? ¬°Utiliza el audio y qu√©date atorado en un segundo! üòÇ"",""cover"":""""},{""id"":""59592573"",""name"":""3familias"",""title"":"""",""cover"":""""},{""id"":""29957680"",""name"":""mehacefeliz"",""title"":""Dicen que el 6to video de tu galer√≠a es lo que te hace m√°s feliz. ¬°Recuerda utilizar la funci√≥n de pantalla verde!‚òÄÔ∏è"",""cover"":""""},{""id"":""143516"",""name"":""comedia"",""title"":""¬°Mira los mejores videos de comedia!"",""cover"":""""},{""id"":""19336"",""name"":""humor"",""title"":"""",""cover"":""""}]"
"6847668247748152582","Esa bicicleta nunca me ha fallado #yayaya #ecuador #3familias #comedia #humor #funny",1594347011,"6766084484909171718","MS4wLjABAAAAWIKwSiD8nXKaO80LjAMLkmG7xchDxh7u9uLmu6D1D9l6W4xHobMBN8Dwzz-yNiwe","ecuavisaec","Ecuavisa",false,"Informaci√≥n actualizadaüëÜüèº","https://p16-sign-sg.tiktokcdn.com/musically-maliva-obj/1658351143820294~c5_1080x1080.jpeg?x-expires=1600646400&x-signature=%2FaUeWXdv2Y5g%2FBO0wAngw7p2tJQ%3D","6847668198674860806","sonido original","Ecuavisa",true,"https://sf16-sg.tiktokcdn.com/obj/musically-maliva-obj/6847668092391181061.mp3","https://p16-sign-sg.tiktokcdn.com/musically-maliva-obj/1658351143820294~c5_100x100.jpeg?x-expires=1600646400&x-signature=WhZFezqt3J4n%2FD21PjM6%2B8CCzkg%3D","https://p16-sign-sg.tiktokcdn.com/musically-maliva-obj/1658351143820294~c5_720x720.jpeg?x-expires=1600646400&x-signature=eabNA3%2BCpTZE8QjtzVdyZECayBI%3D","https://p16-sign-sg.tiktokcdn.com/musically-maliva-obj/1658351143820294~c5_1080x1080.jpeg?x-expires=1600646400&x-signature=%2FaUeWXdv2Y5g%2FBO0wAngw7p2tJQ%3D","https://p16-sign-sg.tiktokcdn.com/obj/tos-maliva-p-0068/0417470e75284b128a541182846e0584?x-expires=1600581600&x-signature=%2B5Rk0Cm3bSNmb1z0jJPlz7sHJFw%3D","https://p16-sign-sg.tiktokcdn.com/obj/tos-maliva-p-0068/79e187f491664ca28d647cd1e6054f90_1594347012?x-expires=1600581600&x-signature=nNJljM2qtu%2FAXLkOZErZtY6O6T0%3D","https://p16-sign-sg.tiktokcdn.com/obj/tos-maliva-p-0068/50d1fb64780d4c64b9e3104936c0d656_1594347013?x-expires=1600581600&x-signature=VfDasT%2FKOCC9sygiJK6BOkPkA6k%3D","https://www.tiktok.com/@ecuavisaec/video/6847668247748152582","https://v16-web.tiktokcdn.com/aed31d97fddf0c63eaa2bee9451b5fb3/5f66f3c6/video/tos/useast2a/tos-useast2a-pve-0068/3afb23a9501c4e579ed78d5d4625b734/?a=1988&br=906&bt=453&cr=0&cs=0&cv=1&dr=0&ds=3&er=&l=202009200016240101901910470814664C&lr=tiktok_m&mime_type=video_mp4&qs=0&rc=M3k6aW9kOHJ2djMzaDczM0ApNDs4aDlpMzxoNzw2aWloaGc0Xl5wY2NgbzBfLS02MTZzc2FeL2AzNC9fYy8tYzFeYjI6Yw%3D%3D&vl=&vr=","",960,540,14,4423,41,42800,21,false,"[]","[{""id"":""97988"",""name"":""yayaya"",""title"":"".¬øPuedes con la tendencia? ¬°Utiliza el audio y qu√©date atorado en un segundo! üòÇ"",""cover"":""""},{""id"":""31306"",""name"":""ecuador"",""title"":"""",""cover"":""""},{""id"":""59592573"",""name"":""3familias"",""title"":"""",""cover"":""""},{""id"":""143516"",""name"":""comedia"",""title"":""¬°Mira los mejores videos de comedia!"",""cover"":""""},{""id"":""19336"",""name"":""humor"",""title"":"""",""cover"":""""},{""id"":""5424"",""name"":""funny"",""title"":"""",""cover"":""""}]"
"6847587694713818374","‚ÄúLa lucha de una madre contra la injusticia‚Äù.#Gulperi tiene FECHA DE ESTRENO ‚¨áÔ∏è.Martes 28 de Julio üóì  8PM ‚è∞ #ecuador #estreno #novela",1594328254,"6766084484909171718","MS4wLjABAAAAWIKwSiD8nXKaO80LjAMLkmG7xchDxh7u9uLmu6D1D9l6W4xHobMBN8Dwzz-yNiwe","ecuavisaec","Ecuavisa",false,"Informaci√≥n actualizadaüëÜüèº","https://p16-sign-sg.tiktokcdn.com/musically-maliva-obj/1658351143820294~c5_1080x1080.jpeg?x-expires=1600646400&x-signature=%2FaUeWXdv2Y5g%2FBO0wAngw7p2tJQ%3D","6847587678876470021","sonido original","Ecuavisa",true,"https://sf16-sg.tiktokcdn.com/obj/musically-maliva-obj/6847587670810430214.mp3","https://p16-sign-sg.tiktokcdn.com/musically-maliva-obj/1658351143820294~c5_100x100.jpeg?x-expires=1600646400&x-signature=WhZFezqt3J4n%2FD21PjM6%2B8CCzkg%3D","https://p16-sign-sg.tiktokcdn.com/musically-maliva-obj/1658351143820294~c5_720x720.jpeg?x-expires=1600646400&x-signature=eabNA3%2BCpTZE8QjtzVdyZECayBI%3D","https://p16-sign-sg.tiktokcdn.com/musically-maliva-obj/1658351143820294~c5_1080x1080.jpeg?x-expires=1600646400&x-signature=%2FaUeWXdv2Y5g%2FBO0wAngw7p2tJQ%3D","https://p16-sign-sg.tiktokcdn.com/obj/tos-maliva-p-0068/0d4e19f593b641ef8de664c9bc590467_1594328255?x-expires=1600581600&x-signature=vrBYmeHJzQvveQQbfJvwJ%2F7RlY4%3D","https://p16-sign-sg.tiktokcdn.com/obj/tos-maliva-p-0068/59be454a40b34a539afb867a31d60f6d_1594328256?x-expires=1600581600&x-signature=g5nDSp6PaGxQENS%2FlZvUxjAO9h8%3D","https://p16-sign-sg.tiktokcdn.com/obj/tos-maliva-p-0068/e167f00d13404097a3deea34334b98a6_1594328256?x-expires=1600581600&x-signature=75gQXlbOmI4tk3L9wwq7t82t3Zo%3D","https://www.tiktok.com/@ecuavisaec/video/6847587694713818374","https://v16-web.tiktokcdn.com/d1433821933c5879320e49b595e8acf9/5f66f3c7/video/tos/useast2a/tos-useast2a-pve-0068/a21372db29454fbe8330e2bf3baba326/?a=1988&br=1106&bt=553&cr=0&cs=0&dr=0&ds=1&er=&l=202009200016240101901910470814664C&lr=tiktok_m&mime_type=video_mp4&qs=0&rc=amY6NGtncjlydjMzNzczM0ApM2lmNDU5MzxmN2c7NzNlOmdhc2NgaDNxNTBfLS00MTZzc19gLjNeLmBiMzEvNTVjNi06Yw%3D%3D&vl=&vr=","",576,324,15,512,4,5728,5,false,"[]","[{""id"":""29698073"",""name"":""gulperi"",""title"":"""",""cover"":""""},{""id"":""31306"",""name"":""ecuador"",""title"":"""",""cover"":""""},{""id"":""6503051"",""name"":""estreno"",""title"":"""",""cover"":""""},{""id"":""1819175"",""name"":""novela"",""title"":"""",""cover"":""""}]"
"6846924635406159109","¬øQu√© tal este martes? ü§£ @marcelaruete #juegosdelhambre #mehacefeliz #3familias #ecuador #comedia #humor #funny",1594173875,"6766084484909171718","MS4wLjABAAAAWIKwSiD8nXKaO80LjAMLkmG7xchDxh7u9uLmu6D1D9l6W4xHobMBN8Dwzz-yNiwe","ecuavisaec","Ecuavisa",false,"Informaci√≥n actualizadaüëÜüèº","https://p16-sign-sg.tiktokcdn.com/musically-maliva-obj/1658351143820294~c5_1080x1080.jpeg?x-expires=1600646400&x-signature=%2FaUeWXdv2Y5g%2FBO0wAngw7p2tJQ%3D","6846924612324854534","sonido original","Ecuavisa",true,"https://sf16-sg.tiktokcdn.com/obj/musically-maliva-obj/6846924594247469829.mp3","https://p16-sign-sg.tiktokcdn.com/musically-maliva-obj/1658351143820294~c5_100x100.jpeg?x-expires=1600646400&x-signature=WhZFezqt3J4n%2FD21PjM6%2B8CCzkg%3D","https://p16-sign-sg.tiktokcdn.com/musically-maliva-obj/1658351143820294~c5_720x720.jpeg?x-expires=1600646400&x-signature=eabNA3%2BCpTZE8QjtzVdyZECayBI%3D","https://p16-sign-sg.tiktokcdn.com/musically-maliva-obj/1658351143820294~c5_1080x1080.jpeg?x-expires=1600646400&x-signature=%2FaUeWXdv2Y5g%2FBO0wAngw7p2tJQ%3D","https://p16-sign-sg.tiktokcdn.com/obj/tos-maliva-p-0068/c93c41bd868d4a40882f816d7fe88340?x-expires=1600581600&x-signature=RaPIoQz%2FXUBhPoVJlm0HGkqB%2B9M%3D","https://p16-sign-sg.tiktokcdn.com/obj/tos-maliva-p-0068/6075b14b90e64f80bc16b7f05cb96c6f_1594173876?x-expires=1600581600&x-signature=3nWa04mYY4fAFoUVrmMhX%2FVorFY%3D","https://p16-sign-sg.tiktokcdn.com/obj/tos-maliva-p-0068/ffc789a74b5d4cd689a11349a7ec5637_1594173877?x-expires=1600581600&x-signature=3GzYiY8Wox4CusmspU5UQG2r9IQ%3D","https://www.tiktok.com/@ecuavisaec/video/6846924635406159109","https://v16-web.tiktokcdn.com/6a4f8f019f3c716774a620154dcef262/5f66f3c3/video/tos/useast2a/tos-useast2a-ve-0068c004/f0a7b886a27944ffbba03968c4eb7169/?a=1988&br=1712&bt=856&cr=0&cs=0&cv=1&dr=0&ds=3&er=&l=202009200016240101901910470814664C&lr=tiktok_m&mime_type=video_mp4&qs=0&rc=anFocnk8czZsdjMzaTczM0ApZTg7NTc6NjtlNzhoZ2VmZ2cucWIuc2RgZy9fLS1iMTZzczUzXzFjNDQ1YTUyMWNhMzY6Yw%3D%3D&vl=&vr=","",960,540,11,1023,23,8021,5,false,"[""@marcelaruete""]","[{""id"":""2392710"",""name"":""juegosdelhambre"",""title"":""¬øTe atrever√≠as a hacer un unboxing en medio del caos? üèπ"",""cover"":""""},{""id"":""29957680"",""name"":""mehacefeliz"",""title"":""Dicen que el 6to video de tu galer√≠a es lo que te hace m√°s feliz. ¬°Recuerda utilizar la funci√≥n de pantalla verde!‚òÄÔ∏è"",""cover"":""""},{""id"":""59592573"",""name"":""3familias"",""title"":"""",""cover"":""""},{""id"":""31306"",""name"":""ecuador"",""title"":"""",""cover"":""""},{""id"":""143516"",""name"":""comedia"",""title"":""¬°Mira los mejores videos de comedia!"",""cover"":""""},{""id"":""19336"",""name"":""humor"",""title"":"""",""cover"":""""},{""id"":""5424"",""name"":""funny"",""title"":"""",""cover"":""""}]"
"6846923928754064646","¬°Dios m√≠o! ¬øQu√© m√°s? #juegosdelhambre #mehacefeliz #3familias #ecuador #humor #comedia #funny",1594173710,"6766084484909171718","MS4wLjABAAAAWIKwSiD8nXKaO80LjAMLkmG7xchDxh7u9uLmu6D1D9l6W4xHobMBN8Dwzz-yNiwe","ecuavisaec","Ecuavisa",false,"Informaci√≥n actualizadaüëÜüèº","https://p16-sign-sg.tiktokcdn.com/musically-maliva-obj/1658351143820294~c5_1080x1080.jpeg?x-expires=1600646400&x-signature=%2FaUeWXdv2Y5g%2FBO0wAngw7p2tJQ%3D","6846923916993235717","sonido original","Ecuavisa",true,"https://sf16-sg.tiktokcdn.com/obj/musically-maliva-obj/6846923884613225221.mp3","https://p16-sign-sg.tiktokcdn.com/musically-maliva-obj/1658351143820294~c5_100x100.jpeg?x-expires=1600646400&x-signature=WhZFezqt3J4n%2FD21PjM6%2B8CCzkg%3D","https://p16-sign-sg.tiktokcdn.com/musically-maliva-obj/1658351143820294~c5_720x720.jpeg?x-expires=1600646400&x-signature=eabNA3%2BCpTZE8QjtzVdyZECayBI%3D","https://p16-sign-sg.tiktokcdn.com/musically-maliva-obj/1658351143820294~c5_1080x1080.jpeg?x-expires=1600646400&x-signature=%2FaUeWXdv2Y5g%2FBO0wAngw7p2tJQ%3D","https://p16-sign-sg.tiktokcdn.com/obj/tos-maliva-p-0068/7e97b8bfb1b94bd0ba883bc3eaa1d3a3_1594173712?x-expires=1600581600&x-signature=CpVkOn8cdPoKYBvMllSTkqGMM38%3D","https://p16-sign-sg.tiktokcdn.com/obj/tos-maliva-p-0068/d4b93fd202f3435da86cf8b351ba998d_1594173712?x-expires=1600581600&x-signature=ImlysXfWVE%2Bt1vVw1YGRJweW8vk%3D","https://p16-sign-sg.tiktokcdn.com/obj/tos-maliva-p-0068/556b534821204c36a1e0b0888fb5d40d_1594173712?x-expires=1600581600&x-signature=I4r%2F4ULGyUSeticFUOq2oCq0%2FyE%3D","https://www.tiktok.com/@ecuavisaec/video/6846923928754064646","https://v16-web.tiktokcdn.com/54afa7506f3d038027b98d86e16ef1f8/5f66f3c3/video/tos/useast2a/tos-useast2a-pve-0068/369f644e557840cbb618d5ba73fa9775/?a=1988&br=916&bt=458&cr=0&cs=0&cv=1&dr=0&ds=3&er=&l=202009200016240101901910470814664C&lr=tiktok_m&mime_type=video_mp4&qs=0&rc=anJ4ZTM5OXVsdjMzNTczM0ApMzQ5Nzs3ZmUzNzs4NDU4PGdzNDJsYWsvZS9fLS0uMTZzc2AxNTA0Y2I1Yi5fLzQ1NjU6Yw%3D%3D&vl=&vr=","",960,540,11,12100,82,179600,29,false,"[]","[{""id"":""2392710"",""name"":""juegosdelhambre"",""title"":""¬øTe atrever√≠as a hacer un unboxing en medio del caos? üèπ"",""cover"":""""},{""id"":""29957680"",""name"":""mehacefeliz"",""title"":""Dicen que el 6to video de tu galer√≠a es lo que te hace m√°s feliz. ¬°Recuerda utilizar la funci√≥n de pantalla verde!‚òÄÔ∏è"",""cover"":""""},{""id"":""59592573"",""name"":""3familias"",""title"":"""",""cover"":""""},{""id"":""31306"",""name"":""ecuador"",""title"":"""",""cover"":""""},{""id"":""19336"",""name"":""humor"",""title"":"""",""cover"":""""},{""id"":""143516"",""name"":""comedia"",""title"":""¬°Mira los mejores videos de comedia!"",""cover"":""""},{""id"":""5424"",""name"":""funny"",""title"":"""",""cover"":""""}]"
"6846921385588149510","A veces los actores no se aguantan #juegosdelhambre #mehacefeliz #3familias #ecuador #comedia #humor #funny",1594173129,"6766084484909171718","MS4wLjABAAAAWIKwSiD8nXKaO80LjAMLkmG7xchDxh7u9uLmu6D1D9l6W4xHobMBN8Dwzz-yNiwe","ecuavisaec","Ecuavisa",false,"Informaci√≥n actualizadaüëÜüèº","https://p16-sign-sg.tiktokcdn.com/musically-maliva-obj/1658351143820294~c5_1080x1080.jpeg?x-expires=1600646400&x-signature=%2FaUeWXdv2Y5g%2FBO0wAngw7p2tJQ%3D","6846921410019904261","sonido original","Ecuavisa",true,"https://sf16-sg.tiktokcdn.com/obj/musically-maliva-obj/6846921377849608966.mp3","https://p16-sign-sg.tiktokcdn.com/musically-maliva-obj/1658351143820294~c5_100x100.jpeg?x-expires=1600646400&x-signature=WhZFezqt3J4n%2FD21PjM6%2B8CCzkg%3D","https://p16-sign-sg.tiktokcdn.com/musically-maliva-obj/1658351143820294~c5_720x720.jpeg?x-expires=1600646400&x-signature=eabNA3%2BCpTZE8QjtzVdyZECayBI%3D","https://p16-sign-sg.tiktokcdn.com/musically-maliva-obj/1658351143820294~c5_1080x1080.jpeg?x-expires=1600646400&x-signature=%2FaUeWXdv2Y5g%2FBO0wAngw7p2tJQ%3D","https://p16-sign-sg.tiktokcdn.com/obj/tos-maliva-p-0068/0e08f697d32a4e6da5fc36b9ce82ff73_1594173132?x-expires=1600581600&x-signature=sFpTbNPvvVfFWKtyfugDkkCU8CA%3D","https://p16-sign-sg.tiktokcdn.com/obj/tos-maliva-p-0068/d078288df6e348dd8be394e01b4314e3_1594173131?x-expires=1600581600&x-signature=OuMwdbcsUo0WaySBmbMpVtike%2Fc%3D","https://p16-sign-sg.tiktokcdn.com/obj/tos-maliva-p-0068/cc4959de7a454322bc1b8d8563cf40d9_1594173131?x-expires=1600581600&x-signature=Lg%2BjYTsOD7Il4GAveJuml8m5oMc%3D","https://www.tiktok.com/@ecuavisaec/video/6846921385588149510","https://v16-web.tiktokcdn.com/8555ed74e3ee2c7b2173d9249aa5edbf/5f66f3c6/video/tos/useast2a/tos-useast2a-pve-0068/590e9196fe7f4e758a124f0ea9927a30/?a=1988&br=1258&bt=629&cr=0&cs=0&cv=1&dr=0&ds=3&er=&l=202009200016240101901910470814664C&lr=tiktok_m&mime_type=video_mp4&qs=0&rc=M3ltbjZmaDtsdjMzZzczM0ApNWY7OWVkaGRoNzkzZzozOmdgMGxeLXNwYS9fLS0yMTZzczMvNDMuNGMzLjZgLjVfLTQ6Yw%3D%3D&vl=&vr=","",960,540,14,1718,36,10900,13,false,"[]","[{""id"":""2392710"",""name"":""juegosdelhambre"",""title"":""¬øTe atrever√≠as a hacer un unboxing en medio del caos? üèπ"",""cover"":""""},{""id"":""29957680"",""name"":""mehacefeliz"",""title"":""Dicen que el 6to video de tu galer√≠a es lo que te hace m√°s feliz. ¬°Recuerda utilizar la funci√≥n de pantalla verde!‚òÄÔ∏è"",""cover"":""""},{""id"":""59592573"",""name"":""3familias"",""title"":"""",""cover"":""""},{""id"":""31306"",""name"":""ecuador"",""title"":"""",""cover"":""""},{""id"":""143516"",""name"":""comedia"",""title"":""¬°Mira los mejores videos de comedia!"",""cover"":""""},{""id"":""19336"",""name"":""humor"",""title"":"""",""cover"":""""},{""id"":""5424"",""name"":""funny"",""title"":"""",""cover"":""""}]"
"6846914882172914950","¬øDe donde es el acento de los hermanos de Genaro? #mehacefeliz #3familias #ecuador #comedia #humor #funny #acento",1594171604,"6766084484909171718","MS4wLjABAAAAWIKwSiD8nXKaO80LjAMLkmG7xchDxh7u9uLmu6D1D9l6W4xHobMBN8Dwzz-yNiwe","ecuavisaec","Ecuavisa",false,"Informaci√≥n actualizadaüëÜüèº","https://p16-sign-sg.tiktokcdn.com/musically-maliva-obj/1658351143820294~c5_1080x1080.jpeg?x-expires=1600646400&x-signature=%2FaUeWXdv2Y5g%2FBO0wAngw7p2tJQ%3D","6846914859775707909","sonido original","Ecuavisa",true,"https://sf16-sg.tiktokcdn.com/obj/musically-maliva-obj/6846914835691735814.mp3","https://p16-sign-sg.tiktokcdn.com/musically-maliva-obj/1658351143820294~c5_100x100.jpeg?x-expires=1600646400&x-signature=WhZFezqt3J4n%2FD21PjM6%2B8CCzkg%3D","https://p16-sign-sg.tiktokcdn.com/musically-maliva-obj/1658351143820294~c5_720x720.jpeg?x-expires=1600646400&x-signature=eabNA3%2BCpTZE8QjtzVdyZECayBI%3D","https://p16-sign-sg.tiktokcdn.com/musically-maliva-obj/1658351143820294~c5_1080x1080.jpeg?x-expires=1600646400&x-signature=%2FaUeWXdv2Y5g%2FBO0wAngw7p2tJQ%3D","https://p16-sign-sg.tiktokcdn.com/obj/tos-maliva-p-0068/ecc29bc8e8c24876bd06370bb729d8b3?x-expires=1600581600&x-signature=1DzSnAMGAilZh9yU6zRZ6TYsY1w%3D","https://p16-sign-sg.tiktokcdn.com/obj/tos-maliva-p-0068/b8827efeed42431fae0eb7701a3a3967_1594171605?x-expires=1600581600&x-signature=ES%2FYD3ZYElGBETKKVOLiOmNWI54%3D","https://p16-sign-sg.tiktokcdn.com/obj/tos-maliva-p-0068/3435266cd6aa40f59674ae9179c75903_1594171605?x-expires=1600581600&x-signature=F0NxyT%2BuRn9PtFCCRtQdtnbvDio%3D","https://www.tiktok.com/@ecuavisaec/video/6846914882172914950","https://v16-web.tiktokcdn.com/a9e1d8b74fdcbf3d7036675cca6ce34a/5f66f3f3/video/tos/useast2a/tos-useast2a-ve-0068c004/d8a9b4e7e61e4e49a6ea817031881c78/?a=1988&br=894&bt=447&cr=0&cs=0&cv=1&dr=0&ds=3&er=&l=202009200016240101901910470814664C&lr=tiktok_m&mime_type=video_mp4&qs=0&rc=anY2eTltNTdsdjMzMzczM0ApNDlpODdmN2RlNzdoOjczO2drZ2YuNmhmLi9fLS0uMTZzc2A1XzNhMjFiMWMwYS8zLjA6Yw%3D%3D&vl=&vr=","",960,540,59,1325,8,9737,33,false,"[]","[{""id"":""29957680"",""name"":""mehacefeliz"",""title"":""Dicen que el 6to video de tu galer√≠a es lo que te hace m√°s feliz. ¬°Recuerda utilizar la funci√≥n de pantalla verde!‚òÄÔ∏è"",""cover"":""""},{""id"":""59592573"",""name"":""3familias"",""title"":"""",""cover"":""""},{""id"":""31306"",""name"":""ecuador"",""title"":"""",""cover"":""""},{""id"":""143516"",""name"":""comedia"",""title"":""¬°Mira los mejores videos de comedia!"",""cover"":""""},{""id"":""19336"",""name"":""humor"",""title"":"""",""cover"":""""},{""id"":""5424"",""name"":""funny"",""title"":"""",""cover"":""""},{""id"":""10153235"",""name"":""acento"",""title"":"""",""cover"":""""}]"
"6846803161693392134","HOY 8PM üì∫ | Llegan las clases a #3Familias | #mehacefeliz #ecuador #comedia #humor #funny #whatsaap #whatsapp #chat",1594145590,"6766084484909171718","MS4wLjABAAAAWIKwSiD8nXKaO80LjAMLkmG7xchDxh7u9uLmu6D1D9l6W4xHobMBN8Dwzz-yNiwe","ecuavisaec","Ecuavisa",false,"Informaci√≥n actualizadaüëÜüèº","https://p16-sign-sg.tiktokcdn.com/musically-maliva-obj/1658351143820294~c5_1080x1080.jpeg?x-expires=1600646400&x-signature=%2FaUeWXdv2Y5g%2FBO0wAngw7p2tJQ%3D","6807324070502238982","sonido original","Ayleen Jara",true,"https://sf16-sg.tiktokcdn.com/obj/musically-maliva-obj/1662056874745894.mp3","https://p77-sg.tiktokcdn.com/aweme/100x100/tos-alisg-avt-0068/dcfdfa49b54efb369285b2a390e91e59.jpeg","https://p77-sg.tiktokcdn.com/aweme/720x720/tos-alisg-avt-0068/dcfdfa49b54efb369285b2a390e91e59.jpeg","https://p77-sg.tiktokcdn.com/aweme/1080x1080/tos-alisg-avt-0068/dcfdfa49b54efb369285b2a390e91e59.jpeg","https://p16-sign-sg.tiktokcdn.com/obj/tos-maliva-p-0068/ed0b6a32157e446dba8a0e8a670eade3?x-expires=1600581600&x-signature=ScsmdMIObZuUXFDWbO17cFQGmBE%3D","https://p16-sign-sg.tiktokcdn.com/obj/tos-maliva-p-0068/996103343838471f893d350e00bcc3c4_1594145591?x-expires=1600581600&x-signature=N8DBPrOUMx39lVcE%2Bg8fXxXM5dU%3D","https://p16-sign-sg.tiktokcdn.com/obj/tos-maliva-p-0068/b5e013485d074a5893e599b27983a7e6_1594145592?x-expires=1600581600&x-signature=jSzeMbrWVEaNaP1M0I2IDjCd8q8%3D","https://www.tiktok.com/@ecuavisaec/video/6846803161693392134","https://v16-web.tiktokcdn.com/25607f376c3757d5c0cee9e0ed78e149/5f66f3c2/video/tos/useast2a/tos-useast2a-pve-0068/7a91eb7432524b6eb3780630c3a82c80/?a=1988&br=632&bt=316&cr=0&cs=0&dr=0&ds=2&er=&l=202009200016240101901910470814664C&lr=tiktok_m&mime_type=video_mp4&qs=0&rc=amZucGR5bTVldjMzaTczM0ApMzU5NWk7NGU5NzY1Ozg3ZmctNi9ncm5zai9fLS0yMTZzcy8xMmI0X2BfXjMxMTEzXi46Yw%3D%3D&vl=&vr=","",960,444,10,658,4,8487,15,false,"[]","[{""id"":""59592573"",""name"":""3familias"",""title"":"""",""cover"":""""},{""id"":""29957680"",""name"":""mehacefeliz"",""title"":""Dicen que el 6to video de tu galer√≠a es lo que te hace m√°s feliz. ¬°Recuerda utilizar la funci√≥n de pantalla verde!‚òÄÔ∏è"",""cover"":""""},{""id"":""31306"",""name"":""ecuador"",""title"":"""",""cover"":""""},{""id"":""143516"",""name"":""comedia"",""title"":""¬°Mira los mejores videos de comedia!"",""cover"":""""},{""id"":""19336"",""name"":""humor"",""title"":"""",""cover"":""""},{""id"":""5424"",""name"":""funny"",""title"":"""",""cover"":""""},{""id"":""6035028"",""name"":""whatsaap"",""title"":"""",""cover"":""""},{""id"":""243584"",""name"":""whatsapp"",""title"":"""",""cover"":""""},{""id"":""285141"",""name"":""chat"",""title"":"""",""cover"":""""}]"
"6846575839216241925","Frases c√©lebres del KEVIN #mehacefeliz #ecuador #3familias #comedia #humor @emmaguerrero_oficial",1594092664,"6766084484909171718","MS4wLjABAAAAWIKwSiD8nXKaO80LjAMLkmG7xchDxh7u9uLmu6D1D9l6W4xHobMBN8Dwzz-yNiwe","ecuavisaec","Ecuavisa",false,"Informaci√≥n actualizadaüëÜüèº","https://p16-sign-sg.tiktokcdn.com/musically-maliva-obj/1658351143820294~c5_1080x1080.jpeg?x-expires=1600646400&x-signature=%2FaUeWXdv2Y5g%2FBO0wAngw7p2tJQ%3D","6846575778465942277","sonido original","Ecuavisa",true,"https://sf16-sg.tiktokcdn.com/obj/musically-maliva-obj/6846575707238238982.mp3","https://p16-sign-sg.tiktokcdn.com/musically-maliva-obj/1658351143820294~c5_100x100.jpeg?x-expires=1600646400&x-signature=WhZFezqt3J4n%2FD21PjM6%2B8CCzkg%3D","https://p16-sign-sg.tiktokcdn.com/musically-maliva-obj/1658351143820294~c5_720x720.jpeg?x-expires=1600646400&x-signature=eabNA3%2BCpTZE8QjtzVdyZECayBI%3D","https://p16-sign-sg.tiktokcdn.com/musically-maliva-obj/1658351143820294~c5_1080x1080.jpeg?x-expires=1600646400&x-signature=%2FaUeWXdv2Y5g%2FBO0wAngw7p2tJQ%3D","https://p16-sign-sg.tiktokcdn.com/obj/tos-maliva-p-0068/b8074b9679d444f1ace48bbc8e5e4f48?x-expires=1600581600&x-signature=WFN8m9UI95u37U%2FOEA48243%2FPcg%3D","https://p16-sign-sg.tiktokcdn.com/obj/tos-maliva-p-0068/d43b06c329464a64a158e8757b4812fb_1594092665?x-expires=1600581600&x-signature=Z2uqzf7Xi4%2FLi3RMn4qqU%2BiMLZM%3D","https://p16-sign-sg.tiktokcdn.com/obj/tos-maliva-p-0068/374feb0e86974c2793f23736d34a3dab_1594092665?x-expires=1600581600&x-signature=CFBP%2B37bExHVfcfAhkFRuoizlHg%3D","https://www.tiktok.com/@ecuavisaec/video/6846575839216241925","https://v16-web.tiktokcdn.com/680724dd183d6b0ef5afbf23df6922a0/5f66f3c6/video/tos/useast2a/tos-useast2a-pve-0068/838f56d0b1e7483e85b167ca8cb3a723/?a=1988&br=922&bt=461&cr=0&cs=0&cv=1&dr=0&ds=3&er=&l=202009200016240101901910470814664C&lr=tiktok_m&mime_type=video_mp4&qs=0&rc=amVpamhmOm94djMzPDczM0ApOjM4ZDg8N2VpNzc8MzpmOGdsbWZgNmVrbC5fLS0zMTZzc14zMmJfMi5hNi81LmFfLjQ6Yw%3D%3D&vl=&vr=","",960,540,14,17600,512,240100,58,false,"[""@emmaguerrero_oficial""]","[{""id"":""29957680"",""name"":""mehacefeliz"",""title"":""Dicen que el 6to video de tu galer√≠a es lo que te hace m√°s feliz. ¬°Recuerda utilizar la funci√≥n de pantalla verde!‚òÄÔ∏è"",""cover"":""""},{""id"":""31306"",""name"":""ecuador"",""title"":"""",""cover"":""""},{""id"":""59592573"",""name"":""3familias"",""title"":"""",""cover"":""""},{""id"":""143516"",""name"":""comedia"",""title"":""¬°Mira los mejores videos de comedia!"",""cover"":""""},{""id"":""19336"",""name"":""humor"",""title"":"""",""cover"":""""}]"
"6846574737502539014","Clases de ingl√©s con Genaro Tomal√° #mehacefeliz #ecuador #3familias #comedia #humor #funny #ingles #inglesforyou #clasesdeingles",1594092406,"6766084484909171718","MS4wLjABAAAAWIKwSiD8nXKaO80LjAMLkmG7xchDxh7u9uLmu6D1D9l6W4xHobMBN8Dwzz-yNiwe","ecuavisaec","Ecuavisa",false,"Informaci√≥n actualizadaüëÜüèº","https://p16-sign-sg.tiktokcdn.com/musically-maliva-obj/1658351143820294~c5_1080x1080.jpeg?x-expires=1600646400&x-signature=%2FaUeWXdv2Y5g%2FBO0wAngw7p2tJQ%3D","6846574654577052422","sonido original","Ecuavisa",true,"https://sf16-sg.tiktokcdn.com/obj/musically-maliva-obj/6846574618153683717.mp3","https://p16-sign-sg.tiktokcdn.com/musically-maliva-obj/1658351143820294~c5_100x100.jpeg?x-expires=1600646400&x-signature=WhZFezqt3J4n%2FD21PjM6%2B8CCzkg%3D","https://p16-sign-sg.tiktokcdn.com/musically-maliva-obj/1658351143820294~c5_720x720.jpeg?x-expires=1600646400&x-signature=eabNA3%2BCpTZE8QjtzVdyZECayBI%3D","https://p16-sign-sg.tiktokcdn.com/musically-maliva-obj/1658351143820294~c5_1080x1080.jpeg?x-expires=1600646400&x-signature=%2FaUeWXdv2Y5g%2FBO0wAngw7p2tJQ%3D","https://p16-sign-sg.tiktokcdn.com/obj/tos-maliva-p-0068/413f51b6d0464fbf8cda307857bb5336?x-expires=1600581600&x-signature=IyKzjxKaAM9%2BfAzh6xOrmpCnFYw%3D","https://p16-sign-sg.tiktokcdn.com/obj/tos-maliva-p-0068/4acce9a88dbe45e1a802405850042db5_1594092408?x-expires=1600581600&x-signature=wKAeikLt9FHb%2FKNg6vhhNAFU5I4%3D","https://p16-sign-sg.tiktokcdn.com/obj/tos-maliva-p-0068/60e978d039f84fada67ff969ea2bac6f_1594092408?x-expires=1600581600&x-signature=CLWf8QVHBbP7YOVN%2B1Bir%2FGtGY4%3D","https://www.tiktok.com/@ecuavisaec/video/6846574737502539014","https://v16-web.tiktokcdn.com/f8d86c61a92bb9c08daf70a1dc04d5d0/5f66f3c6/video/tos/useast2a/tos-useast2a-ve-0068c003/7738049e2b004410a2a1429f87f807a9/?a=1988&br=856&bt=428&cr=0&cs=0&cv=1&dr=0&ds=3&er=&l=202009200016240101901910470814664C&lr=tiktok_m&mime_type=video_mp4&qs=0&rc=M3JuNDtramx4djMzZjczM0ApOjRmOjU3O2U0NztlZjhoNmdvMjMtNGpxai5fLS1eMTZzczBiXjFhYy4wMC9fNWAwNDY6Yw%3D%3D&vl=&vr=","",960,540,14,1218,50,10800,8,false,"[]","[{""id"":""29957680"",""name"":""mehacefeliz"",""title"":""Dicen que el 6to video de tu galer√≠a es lo que te hace m√°s feliz. ¬°Recuerda utilizar la funci√≥n de pantalla verde!‚òÄÔ∏è"",""cover"":""""},{""id"":""31306"",""name"":""ecuador"",""title"":"""",""cover"":""""},{""id"":""59592573"",""name"":""3familias"",""title"":"""",""cover"":""""},{""id"":""143516"",""name"":""comedia"",""title"":""¬°Mira los mejores videos de comedia!"",""cover"":""""},{""id"":""19336"",""name"":""humor"",""title"":"""",""cover"":""""},{""id"":""5424"",""name"":""funny"",""title"":"""",""cover"":""""},{""id"":""659174"",""name"":""ingles"",""title"":"""",""cover"":""""},{""id"":""1662740699579397"",""name"":""inglesforyou"",""title"":"""",""cover"":""""},{""id"":""19115649"",""name"":""clasesdeingles"",""title"":"""",""cover"":""""}]"
"6846546186279701766","Carmita cobra $8 la libra ü§£ #ecuador #3familias #eeuu #comedia #humor #funny",1594085758,"6766084484909171718","MS4wLjABAAAAWIKwSiD8nXKaO80LjAMLkmG7xchDxh7u9uLmu6D1D9l6W4xHobMBN8Dwzz-yNiwe","ecuavisaec","Ecuavisa",false,"Informaci√≥n actualizadaüëÜüèº","https://p16-sign-sg.tiktokcdn.com/musically-maliva-obj/1658351143820294~c5_1080x1080.jpeg?x-expires=1600646400&x-signature=%2FaUeWXdv2Y5g%2FBO0wAngw7p2tJQ%3D","6846546148912614150","sonido original","Ecuavisa",true,"https://sf16-sg.tiktokcdn.com/obj/musically-maliva-obj/6846546096471165701.mp3","https://p16-sign-sg.tiktokcdn.com/musically-maliva-obj/1658351143820294~c5_100x100.jpeg?x-expires=1600646400&x-signature=WhZFezqt3J4n%2FD21PjM6%2B8CCzkg%3D","https://p16-sign-sg.tiktokcdn.com/musically-maliva-obj/1658351143820294~c5_720x720.jpeg?x-expires=1600646400&x-signature=eabNA3%2BCpTZE8QjtzVdyZECayBI%3D","https://p16-sign-sg.tiktokcdn.com/musically-maliva-obj/1658351143820294~c5_1080x1080.jpeg?x-expires=1600646400&x-signature=%2FaUeWXdv2Y5g%2FBO0wAngw7p2tJQ%3D","https://p16-sign-sg.tiktokcdn.com/obj/tos-maliva-p-0068/d5967cdeb93544fc8541ef33ae08c1b3?x-expires=1600581600&x-signature=BBwS5uEG2h2boo1RvOabOQJW0xY%3D","https://p16-sign-sg.tiktokcdn.com/obj/tos-maliva-p-0068/5c0ef2ed2d4b4a11a0f3ed59f147ccf2_1594085760?x-expires=1600581600&x-signature=7OfrO9gHoFybATeBEI4g344vtIE%3D","https://p16-sign-sg.tiktokcdn.com/obj/tos-maliva-p-0068/fcb9d48c9d0d48729a328c8bf49be75f_1594085760?x-expires=1600581600&x-signature=BjBaudMQVovD7d5C14Bb2zUHVuY%3D","https://www.tiktok.com/@ecuavisaec/video/6846546186279701766","https://v16-web.tiktokcdn.com/8600af73125564fc37b081403b0dad39/5f66f3c5/video/tos/useast2a/tos-useast2a-pve-0068/447ab4c63fdc475e97e6bbc7d3e62ae4/?a=1988&br=1206&bt=603&cr=0&cs=0&cv=1&dr=0&ds=3&er=&l=202009200016240101901910470814664C&lr=tiktok_m&mime_type=video_mp4&qs=0&rc=anJ0bmo4cGl3djMzOTczM0ApZTU3NWVmaGRpN2ZlOGU4PGdgajRlbnBiLy5fLS00MTZzc15hNTQyM2EtXjQ1X2FeMGE6Yw%3D%3D&vl=&vr=","",960,540,13,2767,15,29900,15,false,"[]","[{""id"":""31306"",""name"":""ecuador"",""title"":"""",""cover"":""""},{""id"":""59592573"",""name"":""3familias"",""title"":"""",""cover"":""""},{""id"":""720172"",""name"":""eeuu"",""title"":"""",""cover"":""""},{""id"":""143516"",""name"":""comedia"",""title"":""¬°Mira los mejores videos de comedia!"",""cover"":""""},{""id"":""19336"",""name"":""humor"",""title"":"""",""cover"":""""},{""id"":""5424"",""name"":""funny"",""title"":"""",""cover"":""""}]"
"6844333832452246790","Conoce a #ozcandeniz , el gal√°n de #unapartedemi #novelas #novelasturcas",1593570655,"6766084484909171718","MS4wLjABAAAAWIKwSiD8nXKaO80LjAMLkmG7xchDxh7u9uLmu6D1D9l6W4xHobMBN8Dwzz-yNiwe","ecuavisaec","Ecuavisa",false,"Informaci√≥n actualizadaüëÜüèº","https://p16-sign-sg.tiktokcdn.com/musically-maliva-obj/1658351143820294~c5_1080x1080.jpeg?x-expires=1600646400&x-signature=%2FaUeWXdv2Y5g%2FBO0wAngw7p2tJQ%3D","6557286407256151055","sonido original","ùóîùòÇùóøùóºùóøùóÆ ü•¥",true,"https://mpak-suse1.akamaized.net/reg02/original_track/2018/05/19/21/4002b1d0-8287-48ba-a93b-4f8936910194_LxxiRfzOka.m4a","https://p16-sg.tiktokcdn.com/img/musically-maliva-obj/1608278194692101~c5_100x100.jpeg","https://p16-sg.tiktokcdn.com/img/musically-maliva-obj/1608278194692101~c5_720x720.jpeg","https://p16-sg.tiktokcdn.com/img/musically-maliva-obj/1608278194692101~c5_1080x1080.jpeg","https://p16-sign-sg.tiktokcdn.com/obj/tos-maliva-p-0068/5989c9f53bd7426f9ad56e5e15686fb0?x-expires=1600581600&x-signature=Ta55iJfwGoZsJgw10PRABNn6rzM%3D","https://p16-sign-sg.tiktokcdn.com/obj/tos-maliva-p-0068/7a0629a5ba55430888f4148cb63c3b6c_1593570657?x-expires=1600581600&x-signature=Asu99E13C2im%2Fz6NpT6fIldFnPw%3D","https://p16-sign-sg.tiktokcdn.com/obj/tos-maliva-p-0068/bf0ac6361bb04c40b0dd318967e14dbe_1593570657?x-expires=1600581600&x-signature=oxnKEL5uSHOU%2BRNoX8nYp8pD1Sk%3D","https://www.tiktok.com/@ecuavisaec/video/6844333832452246790","https://v16-web.tiktokcdn.com/aa8d79702c20877601d410b2ba96710f/5f66f3c9/video/tos/useast2a/tos-useast2a-ve-0068c001/f43b26e312974d6e8ffd03ed6a99ac6d/?a=1988&br=818&bt=409&cr=0&cs=0&cv=1&dr=0&ds=3&er=&l=202009200016240101901910470814664C&lr=tiktok_m&mime_type=video_mp4&qs=0&rc=anc2Onc6bmV5dTMzZjczM0ApPDo5PGdpaDtkN2Q1ZWg1OGdqNXEyX2VvXnFfLS0yMTZzc2M0XjIxYDAzNF8vMzE0LTI6Yw%3D%3D&vl=&vr=","",960,540,17,731,25,8152,12,false,"[]","[{""id"":""87886930"",""name"":""ozcandeniz"",""title"":"""",""cover"":""""},{""id"":""8661894"",""name"":""unapartedemi"",""title"":"""",""cover"":""""},{""id"":""522939"",""name"":""novelas"",""title"":"""",""cover"":""""},{""id"":""1613866980328453"",""name"":""novelasturcas"",""title"":"""",""cover"":""""}]"
"6839519592809860358","Siempre el buen consejo de F√°tima ü§£ #ecuador #3familias #jaja #funny @marcelaruete",1592449753,"6766084484909171718","MS4wLjABAAAAWIKwSiD8nXKaO80LjAMLkmG7xchDxh7u9uLmu6D1D9l6W4xHobMBN8Dwzz-yNiwe","ecuavisaec","Ecuavisa",false,"Informaci√≥n actualizadaüëÜüèº","https://p16-sign-sg.tiktokcdn.com/musically-maliva-obj/1658351143820294~c5_1080x1080.jpeg?x-expires=1600646400&x-signature=%2FaUeWXdv2Y5g%2FBO0wAngw7p2tJQ%3D","6839519518197418758","sonido original","Ecuavisa",true,"https://sf16-sg.tiktokcdn.com/obj/musically-maliva-obj/6839519458394901253.mp3","https://p16-sign-sg.tiktokcdn.com/musically-maliva-obj/1658351143820294~c5_100x100.jpeg?x-expires=1600646400&x-signature=WhZFezqt3J4n%2FD21PjM6%2B8CCzkg%3D","https://p16-sign-sg.tiktokcdn.com/musically-maliva-obj/1658351143820294~c5_720x720.jpeg?x-expires=1600646400&x-signature=eabNA3%2BCpTZE8QjtzVdyZECayBI%3D","https://p16-sign-sg.tiktokcdn.com/musically-maliva-obj/1658351143820294~c5_1080x1080.jpeg?x-expires=1600646400&x-signature=%2FaUeWXdv2Y5g%2FBO0wAngw7p2tJQ%3D","https://p16-sign-sg.tiktokcdn.com/obj/tos-maliva-p-0068/44e835a912eb4a9fbfe47ab4ac741727_1592449754?x-expires=1600581600&x-signature=meRpV1EWiKgnDgBR7PA6BsB6LTo%3D","https://p16-sign-sg.tiktokcdn.com/obj/tos-maliva-p-0068/7d4b1b5c5d3740fba603bf158974906d_1592449755?x-expires=1600581600&x-signature=qXpx2%2FEKh705yk%2F9YDTnO4WcIAU%3D","https://p16-sign-sg.tiktokcdn.com/obj/tos-maliva-p-0068/1cbb9a98288f4190872fd592d8b1e573_1592449755?x-expires=1600581600&x-signature=7yOxwMUcwcoNvpYp1LX1CHXVV6o%3D","https://www.tiktok.com/@ecuavisaec/video/6839519592809860358","https://v16-web.tiktokcdn.com/9c871ad82842a74409047ff9691afd17/5f66f3c4/video/tos/useast2a/tos-useast2a-ve-0068c001/483b2324890a48fbb26506c816a4a782/?a=1988&br=1088&bt=544&cr=0&cs=0&cv=1&dr=0&ds=3&er=&l=202009200016240101901910470814664C&lr=tiktok_m&mime_type=video_mp4&qs=0&rc=amtwZ3JwNjxndTMzMzczM0ApZjgzZmU1NGQ4NzhnPDY3N2dqYmFhZG81aWlfLS1gMTZzc2M0M2NiYDJiXjU1MDA2YS86Yw%3D%3D&vl=&vr=","",960,540,12,1111,4,9791,7,false,"[""@marcelaruete""]","[{""id"":""31306"",""name"":""ecuador"",""title"":"""",""cover"":""""},{""id"":""59592573"",""name"":""3familias"",""title"":"""",""cover"":""""},{""id"":""23145"",""name"":""jaja"",""title"":"""",""cover"":""""},{""id"":""5424"",""name"":""funny"",""title"":"""",""cover"":""""}]"
"6839123395527838981","Desde adolescente Geoquito ya respond√≠a ü§£ #ecuador #3familias #jaja #funny",1592357505,"6766084484909171718","MS4wLjABAAAAWIKwSiD8nXKaO80LjAMLkmG7xchDxh7u9uLmu6D1D9l6W4xHobMBN8Dwzz-yNiwe","ecuavisaec","Ecuavisa",false,"Informaci√≥n actualizadaüëÜüèº","https://p16-sign-sg.tiktokcdn.com/musically-maliva-obj/1658351143820294~c5_1080x1080.jpeg?x-expires=1600646400&x-signature=%2FaUeWXdv2Y5g%2FBO0wAngw7p2tJQ%3D","6839123348253936390","sonido original","Ecuavisa",true,"https://sf16-sg.tiktokcdn.com/obj/musically-maliva-obj/6839123283577670406.mp3","https://p16-sign-sg.tiktokcdn.com/musically-maliva-obj/1658351143820294~c5_100x100.jpeg?x-expires=1600646400&x-signature=WhZFezqt3J4n%2FD21PjM6%2B8CCzkg%3D","https://p16-sign-sg.tiktokcdn.com/musically-maliva-obj/1658351143820294~c5_720x720.jpeg?x-expires=1600646400&x-signature=eabNA3%2BCpTZE8QjtzVdyZECayBI%3D","https://p16-sign-sg.tiktokcdn.com/musically-maliva-obj/1658351143820294~c5_1080x1080.jpeg?x-expires=1600646400&x-signature=%2FaUeWXdv2Y5g%2FBO0wAngw7p2tJQ%3D","https://p16-sign-sg.tiktokcdn.com/obj/tos-maliva-p-0068/1b32528b5d2d44be8d6fea4a0f3e0e6d?x-expires=1600581600&x-signature=E9QLxpc476eTJaeZUvv7kiZNZtg%3D","https://p16-sign-sg.tiktokcdn.com/obj/tos-maliva-p-0068/fbf61ac4d7d24da8b493dcdf63db4f0b_1592357506?x-expires=1600581600&x-signature=GEP2PO1174IYEJWz8KKZ%2BbX5V38%3D","https://p16-sign-sg.tiktokcdn.com/obj/tos-maliva-p-0068/753d93b6286643f2800551a0f9edde67_1592357507?x-expires=1600581600&x-signature=DXRKwQ7MpmoywZ%2FNZtyPM3I7VDQ%3D","https://www.tiktok.com/@ecuavisaec/video/6839123395527838981","https://v16-web.tiktokcdn.com/f0f59d5b5deb4a085ecd803a04e9a27b/5f66f3c7/video/tos/useast2a/tos-useast2a-pve-0068/94745d3af0c3441dacc5e949c7174460/?a=1988&br=1070&bt=535&cr=0&cs=0&cv=1&dr=0&ds=3&er=&l=202009200016240101901910470814664C&lr=tiktok_m&mime_type=video_mp4&qs=0&rc=anRleDdqOWpxdTMzNjczM0ApNzk7ZDU0M2UzN2hlNWk0ZWdzYmtuZV4vMWhfLS0wMTZzcy8yLS9eYDZgLmJgNi0zNV46Yw%3D%3D&vl=&vr=","",960,540,15,1616,14,16500,7,false,"[]","[{""id"":""31306"",""name"":""ecuador"",""title"":"""",""cover"":""""},{""id"":""59592573"",""name"":""3familias"",""title"":"""",""cover"":""""},{""id"":""23145"",""name"":""jaja"",""title"":"""",""cover"":""""},{""id"":""5424"",""name"":""funny"",""title"":"""",""cover"":""""}]"
"6838029965271780614","¬øPuedes hacer el pasito? üëÇüñê ¬°INT√âNTALO! üï∫ #sisepuede #ecuador @edumarurip @marecevallos",1592102921,"6766084484909171718","MS4wLjABAAAAWIKwSiD8nXKaO80LjAMLkmG7xchDxh7u9uLmu6D1D9l6W4xHobMBN8Dwzz-yNiwe","ecuavisaec","Ecuavisa",false,"Informaci√≥n actualizadaüëÜüèº","https://p16-sign-sg.tiktokcdn.com/musically-maliva-obj/1658351143820294~c5_1080x1080.jpeg?x-expires=1600646400&x-signature=%2FaUeWXdv2Y5g%2FBO0wAngw7p2tJQ%3D","6838029903342914310","sonido original","Ecuavisa",true,"","https://p16-sign-sg.tiktokcdn.com/musically-maliva-obj/1658351143820294~c5_100x100.jpeg?x-expires=1600646400&x-signature=WhZFezqt3J4n%2FD21PjM6%2B8CCzkg%3D","https://p16-sign-sg.tiktokcdn.com/musically-maliva-obj/1658351143820294~c5_720x720.jpeg?x-expires=1600646400&x-signature=eabNA3%2BCpTZE8QjtzVdyZECayBI%3D","https://p16-sign-sg.tiktokcdn.com/musically-maliva-obj/1658351143820294~c5_1080x1080.jpeg?x-expires=1600646400&x-signature=%2FaUeWXdv2Y5g%2FBO0wAngw7p2tJQ%3D","https://p16-sign-sg.tiktokcdn.com/obj/tos-maliva-p-0068/7c765c71bc75477b9d905ca59703fddc?x-expires=1600581600&x-signature=IqaVOetWtdHvllm13H%2FFl4t4nLU%3D","https://p16-sign-sg.tiktokcdn.com/obj/tos-maliva-p-0068/9c137ce7d12a40a0a877d0a700713e99_1592102923?x-expires=1600581600&x-signature=OY1sR3OUtYJnNAQ6bbvQuTwppq0%3D","https://p16-sign-sg.tiktokcdn.com/obj/tos-maliva-p-0068/c52a4766340f428a87bc204b59b90d62_1592102923?x-expires=1600581600&x-signature=%2FrsSApJapra3BJFHu%2F4zU1JXeIw%3D","https://www.tiktok.com/@ecuavisaec/video/6838029965271780614","https://v16-web.tiktokcdn.com/e6bdaecbf18645b753accd5b0b95d47f/5f66f3c3/video/tos/useast2a/tos-useast2a-ve-0068c002/dd448f45f96549489a425a3f7a552a85/?a=1988&br=1982&bt=991&cr=0&cs=0&cv=1&dr=0&ds=3&er=&l=202009200016240101901910470814664C&lr=tiktok_m&mime_type=video_mp4&qs=0&rc=MzRoOHBnPGRydTMzOjczM0ApODU1aDk4aGQ0N2hkNDRpaWcxb3M1NS5mcmZfLS0vMTZzcy1jYWAvXmBfNTIxLmIzX146Yw%3D%3D&vl=&vr=","",676,540,11,296,0,5146,1,false,"[""@edumarurip"",""@marecevallos""]","[{""id"":""3166933"",""name"":""sisepuede"",""title"":"""",""cover"":""""},{""id"":""31306"",""name"":""ecuador"",""title"":"""",""cover"":""""}]"
"6838017414307777797","El Justin ya lleg√≥ a la casa de su abuelito ü§£ ¬øQu√© pasar√° en el segundo cap√≠tulo de la serie web de #3familias ? | ESTRENO: 16 de JUNIO #ecuador",1592099998,"6766084484909171718","MS4wLjABAAAAWIKwSiD8nXKaO80LjAMLkmG7xchDxh7u9uLmu6D1D9l6W4xHobMBN8Dwzz-yNiwe","ecuavisaec","Ecuavisa",false,"Informaci√≥n actualizadaüëÜüèº","https://p16-sign-sg.tiktokcdn.com/musically-maliva-obj/1658351143820294~c5_1080x1080.jpeg?x-expires=1600646400&x-signature=%2FaUeWXdv2Y5g%2FBO0wAngw7p2tJQ%3D","6838017378018724614","sonido original","Ecuavisa",true,"https://sf16-sg.tiktokcdn.com/obj/musically-maliva-obj/6838017335859268357.mp3","https://p16-sign-sg.tiktokcdn.com/musically-maliva-obj/1658351143820294~c5_100x100.jpeg?x-expires=1600646400&x-signature=WhZFezqt3J4n%2FD21PjM6%2B8CCzkg%3D","https://p16-sign-sg.tiktokcdn.com/musically-maliva-obj/1658351143820294~c5_720x720.jpeg?x-expires=1600646400&x-signature=eabNA3%2BCpTZE8QjtzVdyZECayBI%3D","https://p16-sign-sg.tiktokcdn.com/musically-maliva-obj/1658351143820294~c5_1080x1080.jpeg?x-expires=1600646400&x-signature=%2FaUeWXdv2Y5g%2FBO0wAngw7p2tJQ%3D","https://p16-sign-sg.tiktokcdn.com/obj/tos-maliva-p-0068/22d7583280764c4fad8e71c0934941f8?x-expires=1600581600&x-signature=Kr6kzx1hoMACP9c69E8%2F4vcAZec%3D","https://p16-sign-sg.tiktokcdn.com/obj/tos-maliva-p-0068/ed2e3e8f19de4e998cafc2591710d3a8_1592100001?x-expires=1600581600&x-signature=JniT3XUfg6OoQ3DAzXJcSzQYdq4%3D","https://p16-sign-sg.tiktokcdn.com/obj/tos-maliva-p-0068/b2fb12327cb840b2a52555ac089a4681_1592100001?x-expires=1600581600&x-signature=RqT6v9QrAJGO4%2BJMcmJHiumO%2F20%3D","https://www.tiktok.com/@ecuavisaec/video/6838017414307777797","https://v16-web.tiktokcdn.com/66afc1392ea7a115d347cbf00ca8dd50/5f66f3c6/video/tos/useast2a/tos-useast2a-ve-0068c003/ae1ab0abcb2c49609afd53564d98a3ed/?a=1988&br=1972&bt=986&cr=0&cs=0&cv=1&dr=0&ds=3&er=&l=202009200016240101901910470814664C&lr=tiktok_m&mime_type=video_mp4&qs=0&rc=am05ZmhvcWhydTMzOjczM0ApNDZlNmkzOzs3N2Y6OTo3NGdoXjE2Z3NuNWZfLS0yMTZzczVfLV4wYjUxXjEwLTBhMGA6Yw%3D%3D&vl=&vr=","",960,540,15,1264,8,11500,12,false,"[]","[{""id"":""59592573"",""name"":""3familias"",""title"":"""",""cover"":""""},{""id"":""31306"",""name"":""ecuador"",""title"":"""",""cover"":""""}]"
"6837270424846486790","G√©nesis dando clases de celos ü§£‚ù§Ô∏èüî• #ecuador #comedia #3familias #genaro #genesis #jaja",1591926077,"6766084484909171718","MS4wLjABAAAAWIKwSiD8nXKaO80LjAMLkmG7xchDxh7u9uLmu6D1D9l6W4xHobMBN8Dwzz-yNiwe","ecuavisaec","Ecuavisa",false,"Informaci√≥n actualizadaüëÜüèº","https://p16-sign-sg.tiktokcdn.com/musically-maliva-obj/1658351143820294~c5_1080x1080.jpeg?x-expires=1600646400&x-signature=%2FaUeWXdv2Y5g%2FBO0wAngw7p2tJQ%3D","6837270382370736902","sonido original","Ecuavisa",true,"https://sf16-sg.tiktokcdn.com/obj/musically-maliva-obj/6837270367107615494.mp3","https://p16-sign-sg.tiktokcdn.com/musically-maliva-obj/1658351143820294~c5_100x100.jpeg?x-expires=1600646400&x-signature=WhZFezqt3J4n%2FD21PjM6%2B8CCzkg%3D","https://p16-sign-sg.tiktokcdn.com/musically-maliva-obj/1658351143820294~c5_720x720.jpeg?x-expires=1600646400&x-signature=eabNA3%2BCpTZE8QjtzVdyZECayBI%3D","https://p16-sign-sg.tiktokcdn.com/musically-maliva-obj/1658351143820294~c5_1080x1080.jpeg?x-expires=1600646400&x-signature=%2FaUeWXdv2Y5g%2FBO0wAngw7p2tJQ%3D","https://p16-sign-sg.tiktokcdn.com/obj/tos-maliva-p-0068/a617ac2e8016456faa04282f44b3d591_1591926078?x-expires=1600581600&x-signature=eUFld0vOqA4dhtzeMbjjXDr9fDg%3D","https://p16-sign-sg.tiktokcdn.com/obj/tos-maliva-p-0068/8aa08f2cd209414aaf2c50077af1010d_1591926079?x-expires=1600581600&x-signature=xHwf1QC68%2B9cxNI6crF9TmyraL8%3D","https://p16-sign-sg.tiktokcdn.com/obj/tos-maliva-p-0068/6ffc6a5ae6574d96abdfcddb7a10a164_1591926078?x-expires=1600581600&x-signature=V1L3mwS3PwzjpPp1ZMoAvOdUiuA%3D","https://www.tiktok.com/@ecuavisaec/video/6837270424846486790","https://v16-web.tiktokcdn.com/b9bc57fec5aab76f82bc983a631242a3/5f66f3c6/video/tos/useast2a/tos-useast2a-pve-0068/435437b9145e4f659d85225f79c7cf9c/?a=1988&br=1338&bt=669&cr=0&cs=0&cv=1&dr=0&ds=3&er=&l=202009200016240101901910470814664C&lr=tiktok_m&mime_type=video_mp4&qs=0&rc=amZmb2lpPHZndTMzOjczM0ApPDU3PGU5NDw8NzRmZzxkNmdpZmA2L2ZfbWVfLS0xMTZzczZfMGJfXzY0LTBhNTVgXi46Yw%3D%3D&vl=&vr=","",960,540,14,1160,71,9266,8,false,"[]","[{""id"":""31306"",""name"":""ecuador"",""title"":"""",""cover"":""""},{""id"":""143516"",""name"":""comedia"",""title"":""¬°Mira los mejores videos de comedia!"",""cover"":""""},{""id"":""59592573"",""name"":""3familias"",""title"":"""",""cover"":""""},{""id"":""91631"",""name"":""genaro"",""title"":"""",""cover"":""""},{""id"":""17518"",""name"":""genesis"",""title"":"""",""cover"":""""},{""id"":""23145"",""name"":""jaja"",""title"":"""",""cover"":""""}]"
"6836903527105694982","‚ÄúLa madre que te pari√≥‚Äù ü§£ #ecuador #comedia #3familias #lulu",1591840652,"6766084484909171718","MS4wLjABAAAAWIKwSiD8nXKaO80LjAMLkmG7xchDxh7u9uLmu6D1D9l6W4xHobMBN8Dwzz-yNiwe","ecuavisaec","Ecuavisa",false,"Informaci√≥n actualizadaüëÜüèº","https://p16-sign-sg.tiktokcdn.com/musically-maliva-obj/1658351143820294~c5_1080x1080.jpeg?x-expires=1600646400&x-signature=%2FaUeWXdv2Y5g%2FBO0wAngw7p2tJQ%3D","6836903471673854725","sonido original","Ecuavisa",true,"https://sf16-sg.tiktokcdn.com/obj/musically-maliva-obj/6836903395316894470.mp3","https://p16-sign-sg.tiktokcdn.com/musically-maliva-obj/1658351143820294~c5_100x100.jpeg?x-expires=1600646400&x-signature=WhZFezqt3J4n%2FD21PjM6%2B8CCzkg%3D","https://p16-sign-sg.tiktokcdn.com/musically-maliva-obj/1658351143820294~c5_720x720.jpeg?x-expires=1600646400&x-signature=eabNA3%2BCpTZE8QjtzVdyZECayBI%3D","https://p16-sign-sg.tiktokcdn.com/musically-maliva-obj/1658351143820294~c5_1080x1080.jpeg?x-expires=1600646400&x-signature=%2FaUeWXdv2Y5g%2FBO0wAngw7p2tJQ%3D","https://p16-sign-sg.tiktokcdn.com/obj/tos-maliva-p-0068/e2e8870ed5574c1094af56643f9c872f?x-expires=1600581600&x-signature=HIGvB3OxzVZ1CARsSYPkSP84dkY%3D","https://p16-sign-sg.tiktokcdn.com/obj/tos-maliva-p-0068/06aa50be112b440fbcac3db044e803b4_1591840654?x-expires=1600581600&x-signature=GzV3pCs8VTz5r323DXMIJ7Rf0fo%3D","https://p16-sign-sg.tiktokcdn.com/obj/tos-maliva-p-0068/f0902023e1664706928496c01d2c5a64_1591840654?x-expires=1600581600&x-signature=%2B33k7J3gcl0ikB41xHjUaqKr5I8%3D","https://www.tiktok.com/@ecuavisaec/video/6836903527105694982","https://v16-web.tiktokcdn.com/62334690201ea3dcebaa589f7df8da97/5f66f3c0/video/tos/useast2a/tos-useast2a-pve-0068/1919b7d31eea4ec298bc1e44651a1f85/?a=1988&br=1246&bt=623&cr=0&cs=0&cv=1&dr=0&ds=3&er=&l=202009200016240101901910470814664C&lr=tiktok_m&mime_type=video_mp4&qs=0&rc=M3E8bDw2b3RydTMzPDczM0ApNWU4aGVkO2Q8Nzw1NzU0ZWdfYzMyaTVmcmRfLS0uMTZzczEzNl82YS1eMC4vM18yMWM6Yw%3D%3D&vl=&vr=","",960,540,8,6005,150,65800,31,false,"[]","[{""id"":""31306"",""name"":""ecuador"",""title"":"""",""cover"":""""},{""id"":""143516"",""name"":""comedia"",""title"":""¬°Mira los mejores videos de comedia!"",""cover"":""""},{""id"":""59592573"",""name"":""3familias"",""title"":"""",""cover"":""""},{""id"":""90950"",""name"":""lulu"",""title"":"""",""cover"":""""}]"
"6836891572764691717","",1591837868,"6766084484909171718","MS4wLjABAAAAWIKwSiD8nXKaO80LjAMLkmG7xchDxh7u9uLmu6D1D9l6W4xHobMBN8Dwzz-yNiwe","ecuavisaec","Ecuavisa",false,"Informaci√≥n actualizadaüëÜüèº","https://p16-sign-sg.tiktokcdn.com/musically-maliva-obj/1658351143820294~c5_1080x1080.jpeg?x-expires=1600646400&x-signature=%2FaUeWXdv2Y5g%2FBO0wAngw7p2tJQ%3D","6836891546038618885","sonido original","Ecuavisa",true,"https://sf16-sg.tiktokcdn.com/obj/musically-maliva-obj/6836891444712655621.mp3","https://p16-sign-sg.tiktokcdn.com/musically-maliva-obj/1658351143820294~c5_100x100.jpeg?x-expires=1600646400&x-signature=WhZFezqt3J4n%2FD21PjM6%2B8CCzkg%3D","https://p16-sign-sg.tiktokcdn.com/musically-maliva-obj/1658351143820294~c5_720x720.jpeg?x-expires=1600646400&x-signature=eabNA3%2BCpTZE8QjtzVdyZECayBI%3D","https://p16-sign-sg.tiktokcdn.com/musically-maliva-obj/1658351143820294~c5_1080x1080.jpeg?x-expires=1600646400&x-signature=%2FaUeWXdv2Y5g%2FBO0wAngw7p2tJQ%3D","https://p16-sign-sg.tiktokcdn.com/obj/tos-maliva-p-0068/65149ec4f5cd46d898999a9a2ed92f30?x-expires=1600581600&x-signature=9LfK9q4HDlekN1UYPn9%2B9wtnnGQ%3D","https://p16-sign-sg.tiktokcdn.com/obj/tos-maliva-p-0068/e2906a8c1937466f914cad8625a3bd4c_1591837871?x-expires=1600581600&x-signature=rKLK2%2Bfhun2CP%2BAWTgFI09gnx4k%3D","https://p16-sign-sg.tiktokcdn.com/obj/tos-maliva-p-0068/71122bd18d8b479991e6467cda4289ca_1591837870?x-expires=1600581600&x-signature=6ajfdI8VGb426V57KzZk%2FXrMRYQ%3D","https://www.tiktok.com/@ecuavisaec/video/6836891572764691717","https://v16-web.tiktokcdn.com/2eb87b9b86786351552180caf01cd142/5f66f3c4/video/tos/useast2a/tos-useast2a-ve-0068c001/a76242aa09a249c68c051ffe4451e7af/?a=1988&br=1568&bt=784&cr=0&cs=0&cv=1&dr=0&ds=3&er=&l=202009200016240101901910470814664C&lr=tiktok_m&mime_type=video_mp4&qs=0&rc=am91cjY2aXhydTMzZzczM0ApOTVmaWk0ZGQ6N2Q6Nzs4N2c2NWU1cmFkNWRfLS0vMTZzc2AvMmA0M2MwNjMvXl8uLWI6Yw%3D%3D&vl=&vr=","",960,540,12,15200,1877,183300,120,false,"[]","[{""id"":""31306"",""name"":""ecuador"",""title"":"""",""cover"":""""},{""id"":""143516"",""name"":""comedia"",""title"":""¬°Mira los mejores videos de comedia!"",""cover"":""""},{""id"":""59592573"",""name"":""3familias"",""title"":"""",""cover"":""""},{""id"":""642462"",""name"":""tanga"",""title"":"""",""cover"":""""}]"
"6836877245886237958","La primera vez que #Elif y #Kahraman bailaron üíÉüï∫ #unapartedemi LUN/VIE 1OPM por la pantalla de Ecuavisa üì∫ #ecuador #ozcandeniz #dance",1591834532,"6766084484909171718","MS4wLjABAAAAWIKwSiD8nXKaO80LjAMLkmG7xchDxh7u9uLmu6D1D9l6W4xHobMBN8Dwzz-yNiwe","ecuavisaec","Ecuavisa",false,"Informaci√≥n actualizadaüëÜüèº","https://p16-sign-sg.tiktokcdn.com/musically-maliva-obj/1658351143820294~c5_1080x1080.jpeg?x-expires=1600646400&x-signature=%2FaUeWXdv2Y5g%2FBO0wAngw7p2tJQ%3D","6517268048150270976","Originalton","‚ú®Harry tomlinson‚ú®",true,"https://mpak-suse1.akamaized.net/track/reg02/2018/02/01/01/6517268048137704448_PEJOAukIBX.mp3","https://p16-sg.tiktokcdn.com/img/musically-maliva-obj/576f1c652d16bb92135fed1742a42240~c5_100x100.jpeg","https://p16-sg.tiktokcdn.com/img/musically-maliva-obj/576f1c652d16bb92135fed1742a42240~c5_720x720.jpeg","https://p16-sg.tiktokcdn.com/img/musically-maliva-obj/576f1c652d16bb92135fed1742a42240~c5_1080x1080.jpeg","https://p16-sign-sg.tiktokcdn.com/obj/tos-maliva-p-0068/36ba9dba7fee4c07b67aa82db67f69fe?x-expires=1600581600&x-signature=nPmslEm8z2MyzpO1x2Gd7AEf7p0%3D","https://p16-sign-sg.tiktokcdn.com/obj/tos-maliva-p-0068/0c3acfcb9d844886bb160e4d958c51c9_1591834534?x-expires=1600581600&x-signature=9h5LglY78QNTp3Pp%2FVatBb%2FViAs%3D","https://p16-sign-sg.tiktokcdn.com/obj/tos-maliva-p-0068/313e724f6ac3434eac2ade2c80b2106b_1591834534?x-expires=1600581600&x-signature=uk6JGeH3NoAKHmhixoR9Cq9%2FQf0%3D","https://www.tiktok.com/@ecuavisaec/video/6836877245886237958","https://v16-web.tiktokcdn.com/1cc9741d2f35de2ae639ef1972781586/5f66f3c6/video/tos/useast2a/tos-useast2a-ve-0068c003/a93a2eb9c1cd4005a9e2615183d762b1/?a=1988&br=1430&bt=715&cr=0&cs=0&cv=1&dr=0&ds=3&er=&l=202009200016240101901910470814664C&lr=tiktok_m&mime_type=video_mp4&qs=0&rc=M254Z3I1bnNxdTMzZTczM0ApM2Q6OWVoM2U4N2c6aDs1aWdrXjVvZDM2YmRfLS0wMTZzcy41L2EzYDRjYF8vLTE0MDA6Yw%3D%3D&vl=&vr=","",960,540,15,926,15,11500,9,false,"[]","[{""id"":""485033"",""name"":""elif"",""title"":"""",""cover"":""""},{""id"":""38040661"",""name"":""kahraman"",""title"":"""",""cover"":""""},{""id"":""8661894"",""name"":""unapartedemi"",""title"":"""",""cover"":""""},{""id"":""31306"",""name"":""ecuador"",""title"":"""",""cover"":""""},{""id"":""87886930"",""name"":""ozcandeniz"",""title"":"""",""cover"":""""},{""id"":""5054"",""name"":""dance"",""title"":"""",""cover"":""""}]"
"6836534043211746565","Victor ganando casos sin saber Leyes üìö pero √©l sabe cual es el brazo derecho üôã‚Äç‚ôÇÔ∏è#ecuador #comedia #3familias",1591754625,"6766084484909171718","MS4wLjABAAAAWIKwSiD8nXKaO80LjAMLkmG7xchDxh7u9uLmu6D1D9l6W4xHobMBN8Dwzz-yNiwe","ecuavisaec","Ecuavisa",false,"Informaci√≥n actualizadaüëÜüèº","https://p16-sign-sg.tiktokcdn.com/musically-maliva-obj/1658351143820294~c5_1080x1080.jpeg?x-expires=1600646400&x-signature=%2FaUeWXdv2Y5g%2FBO0wAngw7p2tJQ%3D","6836534018175961861","sonido original","Ecuavisa",true,"https://sf16-sg.tiktokcdn.com/obj/musically-maliva-obj/6836534011267943173.mp3","https://p16-sign-sg.tiktokcdn.com/musically-maliva-obj/1658351143820294~c5_100x100.jpeg?x-expires=1600646400&x-signature=WhZFezqt3J4n%2FD21PjM6%2B8CCzkg%3D","https://p16-sign-sg.tiktokcdn.com/musically-maliva-obj/1658351143820294~c5_720x720.jpeg?x-expires=1600646400&x-signature=eabNA3%2BCpTZE8QjtzVdyZECayBI%3D","https://p16-sign-sg.tiktokcdn.com/musically-maliva-obj/1658351143820294~c5_1080x1080.jpeg?x-expires=1600646400&x-signature=%2FaUeWXdv2Y5g%2FBO0wAngw7p2tJQ%3D","https://p16-sign-sg.tiktokcdn.com/obj/tos-maliva-p-0068/1f110c376768408a84108854a963f7b7?x-expires=1600581600&x-signature=wqhbxcB0ePDGzVqmnm4OAgXNVIg%3D","https://p16-sign-sg.tiktokcdn.com/obj/tos-maliva-p-0068/2aa358b838d94d4eb084068e5f782994_1591754626?x-expires=1600581600&x-signature=9edM1EoyV5fVnaI189vHE58P44I%3D","https://p16-sign-sg.tiktokcdn.com/obj/tos-maliva-p-0068/b2ba162f0570451ebe06921f0a706f3f_1591754626?x-expires=1600581600&x-signature=E%2BhSY7huEL4NGwexZx%2F%2FTAjqJQA%3D","https://www.tiktok.com/@ecuavisaec/video/6836534043211746565","https://v16-web.tiktokcdn.com/7c6bd636876af0f07b69caeb84c0845f/5f66f3cc/video/tos/useast2a/tos-useast2a-ve-0068c003/1696e532c7b3412897b411a4f09f0615/?a=1988&br=1554&bt=777&cr=0&cs=0&cv=1&dr=0&ds=3&er=&l=202009200016240101901910470814664C&lr=tiktok_m&mime_type=video_mp4&qs=0&rc=anNxNDM8dGw2dTMzPDczM0ApaWhkZDdpPDxpNzloPDdoN2dgZ3NnZW5ocmRfLS0xMTZzczMyYF8uLTYxMF4yXjQvXzM6Yw%3D%3D&vl=&vr=","",960,540,20,2063,27,27200,14,false,"[]","[{""id"":""31306"",""name"":""ecuador"",""title"":"""",""cover"":""""},{""id"":""143516"",""name"":""comedia"",""title"":""¬°Mira los mejores videos de comedia!"",""cover"":""""},{""id"":""59592573"",""name"":""3familias"",""title"":"""",""cover"":""""}]"
"6836518596244524294","Ozcan Deniz es Kahraman en #UnaParteDeM√≠ #ecuador #fory–æu #sexy #ozcandeniz #kahraman",1591751028,"6766084484909171718","MS4wLjABAAAAWIKwSiD8nXKaO80LjAMLkmG7xchDxh7u9uLmu6D1D9l6W4xHobMBN8Dwzz-yNiwe","ecuavisaec","Ecuavisa",false,"Informaci√≥n actualizadaüëÜüèº","https://p16-sign-sg.tiktokcdn.com/musically-maliva-obj/1658351143820294~c5_1080x1080.jpeg?x-expires=1600646400&x-signature=%2FaUeWXdv2Y5g%2FBO0wAngw7p2tJQ%3D","6690186995693521670","sonido original","karolsevillaofc",true,"https://sf16-sg.tiktokcdn.com/obj/musically-maliva-obj/1633352561381446.mp3","https://p77-sg.tiktokcdn.com/img/musically-maliva-obj/caa134930283ca661d4559b931c19dfa~c5_100x100.jpeg","https://p77-sg.tiktokcdn.com/img/musically-maliva-obj/caa134930283ca661d4559b931c19dfa~c5_720x720.jpeg","https://p77-sg.tiktokcdn.com/img/musically-maliva-obj/caa134930283ca661d4559b931c19dfa~c5_1080x1080.jpeg","https://p16-sign-sg.tiktokcdn.com/obj/tos-maliva-p-0068/cfd8b2c8ed4c42bdbf24f3d0d2538c84?x-expires=1600581600&x-signature=%2Bu82muEjHu3SERp1XSTXY7RQN8Y%3D","https://p16-sign-sg.tiktokcdn.com/obj/tos-maliva-p-0068/5a7cbcab63cb4a17804ad4067bd4e52d_1591751029?x-expires=1600581600&x-signature=7OmdbieALLLjzAsG3XDnCwzxigI%3D","https://p16-sign-sg.tiktokcdn.com/obj/tos-maliva-p-0068/dbea097ab53f4ffab4fccf1b2e8e34ba_1591751030?x-expires=1600581600&x-signature=jQF0%2BZYeCU3Xpq9GgkdvXTUbLM8%3D","https://www.tiktok.com/@ecuavisaec/video/6836518596244524294","https://v16-web.tiktokcdn.com/864d54b7d7b8a0bd32a7131c0c58f776/5f66f3c1/video/tos/useast2a/tos-useast2a-ve-0068c002/7e16e149026747a3b6bb7c52b8259134/?a=1988&br=648&bt=324&cr=0&cs=0&cv=1&dr=0&ds=3&er=&l=202009200016240101901910470814664C&lr=tiktok_m&mime_type=video_mp4&qs=0&rc=amxobDw2b3Q2dTMzPDczM0ApOjk7OjczaGU6Nzo0OGZkM2cucDEyaTUvLmRfLS0uMTZzc18wMS9jXzQxYjJjNWMxY2E6Yw%3D%3D&vl=&vr=","",960,540,9,839,59,9990,19,false,"[]","[{""id"":""1663003863043077"",""name"":""unapartedem√≠"",""title"":"""",""cover"":""""},{""id"":""31306"",""name"":""ecuador"",""title"":"""",""cover"":""""},{""id"":""80287593"",""name"":""fory–æu"",""title"":"""",""cover"":""""},{""id"":""7253"",""name"":""sexy"",""title"":"""",""cover"":""""},{""id"":""87886930"",""name"":""ozcandeniz"",""title"":"""",""cover"":""""},{""id"":""38040661"",""name"":""kahraman"",""title"":"""",""cover"":""""}]"
"6805296203073326342","#Coronavirus ¬øC√≥mo se llevar√° a cabo la restricci√≥n de movilidad a partir de hoy? #toquedequeda #covid19 #coronavirus",1584481497,"6766084484909171718","MS4wLjABAAAAWIKwSiD8nXKaO80LjAMLkmG7xchDxh7u9uLmu6D1D9l6W4xHobMBN8Dwzz-yNiwe","ecuavisaec","Ecuavisa",false,"Informaci√≥n actualizadaüëÜüèº","https://p16-sign-sg.tiktokcdn.com/musically-maliva-obj/1658351143820294~c5_1080x1080.jpeg?x-expires=1600646400&x-signature=%2FaUeWXdv2Y5g%2FBO0wAngw7p2tJQ%3D","5000000000308217079","Noticias","Mike Patton",false,"https://sf16-sg.tiktokcdn.com/obj/iesmusic-sg-local/v1/h/49cb3d961ca33d01287439d20ae0e96b","https://p77-sg.tiktokcdn.com/aweme/100x100/tos-alisg-i-0000/bee6914be79f420fa3acded63d920a78.jpeg","https://p77-sg.tiktokcdn.com/aweme/200x200/tos-alisg-i-0000/bee6914be79f420fa3acded63d920a78.jpeg","https://p77-sg.tiktokcdn.com/aweme/720x720/tos-alisg-i-0000/bee6914be79f420fa3acded63d920a78.jpeg","https://p16-sign-sg.tiktokcdn.com/obj/tos-maliva-p-0068/41a4f7d4fda24946bcbba4b7eb53aaad_1584482723?x-expires=1600581600&x-signature=%2BqMLBYxesdREvOUkjXcStt%2FmU9I%3D","https://p16-sign-sg.tiktokcdn.com/obj/tos-maliva-p-0068/5b809d9498db4a46a7e009b7d6c1e422_1584482724?x-expires=1600581600&x-signature=7IjtdpJr0ZWBE1lHSOU4sYsZ8qQ%3D","https://p16-sign-sg.tiktokcdn.com/obj/tos-maliva-p-0068/9b8c6dfd38cf496c8571a63477b7b6be_1584482725?x-expires=1600581600&x-signature=eXNLn1hZWZTH08A38kAwJ8%2FkYBg%3D","https://www.tiktok.com/@ecuavisaec/video/6805296203073326342","https://v16-web.tiktokcdn.com/5c8fbb53dc2578c55b16d43a0f92aed0/5f66f3df/video/tos/useast2a/tos-useast2a-ve-0068c001/0e3127479efc4bfdae9315a09cae628d/?a=1988&br=292&bt=146&cr=0&cs=0&cv=1&dr=0&ds=3&er=&l=202009200016240101901910470814664C&lr=tiktok_m&mime_type=video_mp4&qs=0&rc=amZ1OTRoZ3FuczMzPDczM0ApMztmNGdlMztmN2Q5aDg8NGdvb20uNmI0MGxfLS02MTZzczNgYTQyNGIzYC5hNjZeYy06Yw%3D%3D&vl=&vr=","",540,540,39,266,2,5778,1,false,"[]","[{""id"":""1635241621599237"",""name"":""coronavirus"",""title"":"""",""cover"":""""},{""id"":""52208834"",""name"":""toquedequeda"",""title"":"""",""cover"":""""},{""id"":""1658256581292037"",""name"":""covid19"",""title"":"""",""cover"":""""},{""id"":""1635241621599237"",""name"":""coronavirus"",""title"":"""",""cover"":""""}]"
"6803021447804620038","¬ø@valentincarvajal y @raptorgameryt mienten en #tiktok ? Video completo en YouTube de #Ecuavisa con @josabetcarchi #ElWaffle #enelconfesionario",1583951866,"6766084484909171718","MS4wLjABAAAAWIKwSiD8nXKaO80LjAMLkmG7xchDxh7u9uLmu6D1D9l6W4xHobMBN8Dwzz-yNiwe","ecuavisaec","Ecuavisa",false,"Informaci√≥n actualizadaüëÜüèº","https://p16-sign-sg.tiktokcdn.com/musically-maliva-obj/1658351143820294~c5_1080x1080.jpeg?x-expires=1600646400&x-signature=%2FaUeWXdv2Y5g%2FBO0wAngw7p2tJQ%3D","6803014727325829894","sonido original","Ecuavisa",true,"https://sf16-sg.tiktokcdn.com/obj/musically-maliva-obj/1660892201809974.mp3","https://p16-sign-sg.tiktokcdn.com/musically-maliva-obj/1658351143820294~c5_100x100.jpeg?x-expires=1600646400&x-signature=WhZFezqt3J4n%2FD21PjM6%2B8CCzkg%3D","https://p16-sign-sg.tiktokcdn.com/musically-maliva-obj/1658351143820294~c5_720x720.jpeg?x-expires=1600646400&x-signature=eabNA3%2BCpTZE8QjtzVdyZECayBI%3D","https://p16-sign-sg.tiktokcdn.com/musically-maliva-obj/1658351143820294~c5_1080x1080.jpeg?x-expires=1600646400&x-signature=%2FaUeWXdv2Y5g%2FBO0wAngw7p2tJQ%3D","https://p16-sign-sg.tiktokcdn.com/obj/tos-maliva-p-0068/c1c80165627546d5aa48ca47f87422cb_1583951873?x-expires=1600581600&x-signature=qexomJaw88OoogzHuuDEdGpKBkQ%3D","https://p16-sign-sg.tiktokcdn.com/obj/tos-maliva-p-0068/3c219d8ed69e41e9b9700a8f3be1db52_1583951872?x-expires=1600581600&x-signature=Xb344J%2BdTdLESZxa0QvsXiZSc7Y%3D","https://p16-sign-sg.tiktokcdn.com/obj/tos-maliva-p-0068/c73a8e91ca2a4cbc9a7a7166a6abb253_1583951872?x-expires=1600581600&x-signature=w6PRWmE00zQOvQHGKlvAyC0xiHc%3D","https://www.tiktok.com/@ecuavisaec/video/6803021447804620038","https://v16-web.tiktokcdn.com/951044891de3f73129b75b446626f3c8/5f66f3d7/video/tos/useast2a/tos-useast2a-pve-0068/29a1e3c7f21d43868c5e45a5ecfdaf16/?a=1988&br=2350&bt=1175&cr=0&cs=0&cv=1&dr=0&ds=3&er=&l=202009200016240101901910470814664C&lr=tiktok_m&mime_type=video_mp4&qs=0&rc=amZ1ZTUzaTZsczMzPDczM0ApaDNpOzVoNDxoNzwzOmQ4O2dic3BzYTZzc2hfLS0uMTZzczA2LjAyL19iYjM0Xi82YjQ6Yw%3D%3D&vl=&vr=","",540,960,31,359,1,6190,2,false,"[""@valentincarvajal"",""@raptorgameryt"",""@josabetcarchi""]","[{""id"":""23428"",""name"":""tiktok"",""title"":"""",""cover"":""""},{""id"":""39286109"",""name"":""ecuavisa"",""title"":"""",""cover"":""""},{""id"":""1602727468472326"",""name"":""elwaffle"",""title"":"""",""cover"":""""},{""id"":""65198914"",""name"":""enelconfesionario"",""title"":"""",""cover"":""""}]"
"6790740238709869830","D√©janos tu comentario y saldr√° en el pr√≥ximo programa üòç #estudioghibli #ElWaffle #totoro #tbt",1581092422,"6766084484909171718","MS4wLjABAAAAWIKwSiD8nXKaO80LjAMLkmG7xchDxh7u9uLmu6D1D9l6W4xHobMBN8Dwzz-yNiwe","ecuavisaec","Ecuavisa",false,"Informaci√≥n actualizadaüëÜüèº","https://p16-sign-sg.tiktokcdn.com/musically-maliva-obj/1658351143820294~c5_1080x1080.jpeg?x-expires=1600646400&x-signature=%2FaUeWXdv2Y5g%2FBO0wAngw7p2tJQ%3D","6780104968301987842","Totoro","Samadhi",false,"https://sf16-sg.tiktokcdn.com/obj/tiktok-obj/223a793c6fa7636bec450e39414a9cf1.m4a","https://p77-sg.tiktokcdn.com/aweme/100x100/tos-alisg-i-0000/286443ef18f04f8cb6ba0ef18fc85a18.jpeg","https://p77-sg.tiktokcdn.com/aweme/200x200/tos-alisg-i-0000/286443ef18f04f8cb6ba0ef18fc85a18.jpeg","https://p77-sg.tiktokcdn.com/aweme/720x720/tos-alisg-i-0000/286443ef18f04f8cb6ba0ef18fc85a18.jpeg","https://p16-sign-sg.tiktokcdn.com/obj/tos-maliva-p-0068/d5437486011b4e38ab16fbd5aef2e149_1581092864?x-expires=1600581600&x-signature=kDbykGCaqYlGSA1NxapEvFE48kI%3D","https://p16-sign-sg.tiktokcdn.com/obj/tos-maliva-p-0068/a42146852c3745ce9cc6455cdb5bde12_1581092864?x-expires=1600581600&x-signature=RIbD1XpBp2XWWh2wdhvT8RaOtgk%3D","https://p16-sign-sg.tiktokcdn.com/obj/tos-maliva-p-0068/e9e9c4b9e8794149b5eb17d87b00c484_1581092864?x-expires=1600581600&x-signature=8xeeggVQksae2IpDE2wBIVJA4dk%3D","https://www.tiktok.com/@ecuavisaec/video/6790740238709869830","https://v16-web.tiktokcdn.com/d20891cfde664627eff6efde4503fc16/5f66f3c5/video/tos/useast2a/tos-useast2a-ve-0068c002/e7bba3a056fe4142b7a23676f598838d/?a=1988&br=5234&bt=2617&cr=0&cs=0&cv=1&dr=0&ds=3&er=&l=202009200016240101901910470814664C&lr=tiktok_m&mime_type=video_mp4&qs=0&rc=ajU0N3N4aDZycjMzaTczM0ApMztpOjo2ZztnNzM5OzU0OWc0bTBzYWAucHJfLS0xMTZzc15fYDQtYjQ1NC1hNjAwL2E6Yw%3D%3D&vl=&vr=","",1280,720,13,356,0,5693,8,false,"[]","[{""id"":""33781309"",""name"":""estudioghibli"",""title"":"""",""cover"":""""},{""id"":""1602727468472326"",""name"":""elwaffle"",""title"":"""",""cover"":""""},{""id"":""17069"",""name"":""totoro"",""title"":"""",""cover"":""""},{""id"":""3265"",""name"":""tbt"",""title"":""It's Thursday! Time to remember those embarrassing songs we used to listen in early 2000s, dig out some tunes from our parents 80s albums and dance to those EDM tracks from 2010! üìÜ\nCheck out our #TBT tracklist for inspo‚ú®"",""cover"":""""}]"