game_title ,editorial_rating , user_rating , game_price , editor  , type , date ,device 
Kingpin : Life of Crime sur PC,19,17.5,8-99€,Interplay,+16ans, Août 1999,PC
Batman Arkham City sur PC,19,18.3,3-40€,Rocksteady,Animation, 24 Novembre 2011,PC
Baldur's Gate II : Shadows of Amn sur PC,19,18.6,25-01€,Interplay,+12ans, 03 Novembre 2000,PC
Splinter Cell sur PC,19,18.1,1-25€,Ubisoft,Infiltration, 27 Février 2003,PC
The Witcher 3 : Wild Hunt sur PC,19,18.1,21-19€,CDProjektRED,Fantastique, 19 Mai 2015,PC
Rayman Origins sur PC,19,18,8-99€,Ubisoft,Fantastique, 29 Mars 2012,PC
Prince of Persia : Les Sables du Temps sur PC,19,17.6,2-99€,UbisoftMontreal,Plate-Forme, 04 Décembre 2003,PC
Bioshock sur PC,19,18.1,19-99€,2KGames,Steampunk, 31 Août 2007,PC
Myst sur PC,19,16.3,24-00€,Cyan,Réflexion, 1994,PC
Half-Life : Counter-Strike sur PC,19,18,20-00€,Sierra,+16ans, 11 Décembre 2000,PC
Riven : La Suite de Myst sur PC,19,18.4,8-00€,Ubisoft,Réflexion, 1997,PC
Bioshock Infinite sur PC,19,17.5,9-82€,2KGames,Steampunk, 26 Mars 2013,PC
Dead Space 2 sur PC,19,17,7-90€,VisceralGames,Survival-Horror, 27 Janvier 2011,PC
Arx Fatalis sur PC,19,17.2,24-00€,JoWooD,+16ans, 26 Septembre 2002,PC
Ori and the Blind Forest sur PC,19,18.3,16-99€,MoonStudio,Plate-Forme, 11 Mars 2015,PC
Ether One sur PC,19,8.7,5-08€,WhitePaperGames,Payantàl'acquisition, 25 Mars 2014,PC
Dishonored sur PC,19,16.9,8-81€,BethesdaSoftworks,Infiltration, 09 Octobre 2012,PC
Diablo sur PC,19,17.9,63-00€,BlizzardEntertainment,1-4joueurs, 30 Novembre 1996,PC
Bayonetta sur PC,19,14.9,17-99€,PlatinumGames,Beat'emAll, 11 Avril 2017,PC
Minecraft sur PC,19,18.5,29-46€,Mojang,OpenWorld, 18 Novembre 2011,PC
Quake III Arena sur PC,19,16.4,13-49€,idSoftware,+16ans, 15 Décembre 1999,PC
Quake II sur PC,19,17.3,4-49€,idSoftware,+16ans, 1997,PC
Outcast sur PC,19,18.7,24-00€,AppealSoftware,+3ans, Juin 1999,PC
Portal 2 sur PC,19,18.5,69-90€,Valve,Cyberpunk, 19 Avril 2011,PC
Divinity : Original Sin - Enhanced Edition sur PC,19,17.2,29-99€,FocusHomeInteractive,HeroicFantasy, 27 Octobre 2015,PC
Dishonored 2 sur PC,19,15.9,10-00€,BethesdaSoftworks,Infiltration, 11 Novembre 2016,PC
Dark Souls III sur PC,19,15.6,16-99€,FromSoftware,DungeonRPG, 12 Avril 2016,PC
The Witcher 3 : Wild Hunt - Blood and Wine sur PC,19,18.6,79-95€,31Mai2016,Steam, 31 Mai 2016,PC
Okami HD sur PC,19,16.4,16-99€,noinformation,noinformation, 12 Décembre 2017,PC
Monster Hunter World sur PC,18,14.1,47-99€,Capcom,+16ans, 09 Août 2018,PC
Dragon Ball FighterZ sur PC,18,14.5,50-99€,ArcSystemWorks,+12ans, 26 Janvier 2018,PC
Dead Cells sur PC,18,16.7,22-49€,MotionTwin,Plate-Forme, 07 Août 2018,PC
Two Point Hospital sur PC,18,16.4,26-49€,Sega,Simulation, 30 Août 2018,PC
Final Fantasy XV sur PC,18,14.1,49-99€,SquareEnix,HeroicFantasy, 06 Mars 2018,PC
Pillars of Eternity 2 : Deadfire sur PC,18,15.7,8-99€,noinformation,noinformation, 08 Mai 2018,PC
Star Wars : Dark Forces sur PC,18,17.7,5-99€,LucasArts,CD, 1995,PC
Life is Strange sur PC,18,18.1,8-99€,DONTNODEntertainment,Fantastique, 30 Janvier 2015,PC
Schizm sur PC,18,13.2,29-00€,Project3Interactive,Réflexion, Novembre 2001,PC
DeadCore sur PC,18,16.5,8-99€,5BitsGames,Plate-Forme, 17 Octobre 2014,PC
FIFA 12 sur PC,18,15.1,30-00€,EASports,Football, 29 Septembre 2011,PC
Mass Effect 3 sur PC,18,16.8,11-99€,BioWare,Extraterrestres, 08 Mars 2012,PC
Unreal sur PC,18,18.1,24-99€,GTInteractive,CD, 30 Mai 1998,PC
Deus Ex sur PC,18,18.5,24-00€,IonStorm,Siteofficiel, 22 Septembre 2000,PC
Need for Speed : Porsche 2000 sur PC,18,17.3,154-00€,ElectronicArts,+3ans, 24 Mars 2000,PC
Darkest Dungeon sur PC,18,15.3,52-90€,RedHookStudios,+16ans, 19 Janvier 2016,PC
Pillars of Eternity sur PC,18,16.1,24-99€,ParadoxInteractive,HeroicFantasy, 26 Mars 2015,PC
Empire : Total War sur PC,18,16.8,7-90€,TheCreativeAssembly,Historique, 04 Mars 2009,PC
Divinity : Original Sin sur PC,18,16.8,28-67€,LarianStudios,+16ans, 30 Juin 2014,PC
Little Big Adventure 2 sur PC,18,19.2,4-99€,Ubisoft,Non, 1997,PC
Metal Gear Solid V : The Phantom Pain sur PC,18,16.1,7-50€,KojimaProductions,Infiltration, 01 Septembre 2015,PC
Le Sanglot des Cigales sur PC,18,17.9,19-90€,07thExpansion,Siteofficiel, Juin 2010,PC
Silver sur PC,18,18.4,5-99€,Infogrames,Siteofficiel, Avril 1999,PC
The Chronicles of Riddick : Escape from Butcher Bay - Developer's Cut sur PC,18,17.4,24-00€,VivendiUniversalGames,+16ans, 04 Février 2005,PC
Age of Mythology sur PC,18,18.1,24-00€,Microsoft,+12ans, 20 Novembre 2002,PC
Dungeon Keeper 2 sur PC,18,18,34-99€,ElectronicArts,Oui, Juillet 1999,PC
Darksiders sur PC,18,16.8,3-99€,VigilGames,HeroicFantasy, 24 Septembre 2010,PC
Vanquish sur PC,18,17.2,17-99€,Sega,+18ans, 25 Mai 2017,PC
Bioshock 2 sur PC,18,17.3,12-99€,2KGames,+18ans, 09 Février 2010,PC
Child of Light sur PC,18,17.4,13-99€,UbisoftMontreal,Fantastique, 30 Avril 2014,PC
Starcraft II : Heart of the Swarm sur PC,18,17.6,6-99€,BlizzardEntertainment,Multienligne, 12 Mars 2013,PC
Final Fantasy VII sur PC,18,18.9,12-99€,EidosInteractive,Fantastique, 1998,PC
Gabriel Knight 3 : Enigme en Pays Cathare sur PC,18,17.7,24-00€,Sierra,Non, 08 Décembre 1999,PC
Diablo III sur PC,18,15.4,11-83€,BlizzardEntertainment,HeroicFantasy, 15 Mai 2012,PC
Battlefield 3 : Back to Karkand sur PC,18,17.5,3-80€,Dice,+16ans, 13 Décembre 2011,PC
Splinter Cell Chaos Theory sur PC,18,18,9-99€,Ubisoft,Infiltration, 31 Mars 2005,PC
Rayman 3 : Hoodlum Havoc sur PC,18,18.4,4-49€,Ubisoft,+3ans, 20 Mars 2003,PC
Half-Life 2 : Episode One sur PC,18,16.3,59-99€,Valve,+16ans, 01 Juin 2006,PC
Prison Architect sur PC,18,17.9,22-49€,IntroversionSoftware,Contemporain, 06 Octobre 2015,PC
Total War : Shogun 2 sur PC,18,16.9,13-27€,TheCreativeAssembly,Historique, 15 Mars 2011,PC
Owlboy sur PC,18,16.8,139-80€,D-PadStudio,Plate-Forme, 01 Novembre 2016,PC
Super Street Fighter IV : Arcade Edition sur PC,18,16.5,11-00€,Capcom,Jouableensolo, 13 Juillet 2011,PC
Battlefield 1942 sur PC,18,17.7,19-99€,ElectronicArts,+12ans, 23 Septembre 2002,PC
Starbound sur PC,18,15.6,8-39€,Chucklefish,Multienligne, 22 Juillet 2016,PC
Oddworld : L'Odyssée d'Abe sur PC,18,18.6,14-99€,OddworldInhabitants,Plate-Forme, 31 Octobre 1997,PC
Watch Dogs sur PC,18,12.2,6-90€,UbisoftMontreal,Infiltration, 27 Mai 2014,PC
Max Payne 3 sur PC,18,15.3,4-99€,RockstarGames,+18ans, 01 Juin 2012,PC
The Elder Scrolls IV : Oblivion sur PC,18,17.5,13-49€,2KGames,Fantastique, 24 Mars 2006,PC
Icewind Dale sur PC,18,16.6,4-58€,Interplay,+12ans, 21 Juillet 2000,PC
Valkyria Chronicles sur PC,18,17.5,9-47€,Sega,Steampunk, 11 Novembre 2014,PC
EVE Online sur PC,18,17,5-00€,CCP,Sandbox, 06 Mai 2003,PC
Indiana Jones and the Fate of Atlantis sur PC,18,18.8,5-99€,LucasArts,Disquette, 1992,PC
Homeworld sur PC,18,18.1,23-90€,Sierra,+12ans, Octobre 1999,PC
Castlevania : Lords of Shadow sur PC,18,14.4,6-25€,Konami,Jouableensolo, 27 Août 2013,PC
NBA 2K9 sur PC,18,17.2,15-00€,VisualConcepts,+3ans, 21 Octobre 2008,PC
Half-Life sur PC,18,18.6,59-90€,Valve,+16ans, Décembre 1998,PC
Runaway sur PC,18,16.1,8-00€,PenduloStudios,Point'nClick, 21 Mars 2003,PC
Counter-Strike : Source sur PC,18,17.7,39-90€,VivendiUniversalGames,+16ans, Octobre 2004,PC
Shovel Knight sur PC,18,16.7,19-90€,YachtClubGames,+3ans, 26 Juin 2014,PC
TOCA 2 Touring Cars sur PC,18,17.7,39-99€,Codemasters,Oui, Avril 1999,PC
Runaway : A Twist of Fate sur PC,18,15.7,5-47€,Focus,Point'nClick, 26 Novembre 2009,PC
No One Lives Forever 2 sur PC,18,17.4,10-50€,Sierra,+16ans, 18 Octobre 2002,PC
Assassin's Creed III sur PC,18,15.1,9-99€,UbisoftMontreal,Historique, 22 Novembre 2012,PC
Trine 2 sur PC,18,17.7,6-23€,FocusHomeInteractive,Plate-Forme, 06 Décembre 2011,PC
FIFA 13 sur PC,18,13.3,9-90€,EASports,Football, 27 Septembre 2012,PC
Tomb Raider sur PC,18,17.9,4-39€,CoreDesign,+3ans, 22 Novembre 1996,PC
Assassin's Creed sur PC,18,16.5,8-99€,UbisoftMontreal,Infiltration, 10 Avril 2008,PC
Street Fighter IV sur PC,18,16,18-00€,Capcom,Multienligne, 03 Juillet 2009,PC
FIFA 2000 sur PC,18,15.4,7-99€,ElectronicArts,Oui, 04 Novembre 1999,PC
Unreal Tournament 2004 sur PC,18,18.4,34-42€,EpicGames,+16ans, 19 Mars 2004,PC
Divinity II : The Dragon Knight Saga sur PC,18,16.6,24-50€,LarianStudios,+12ans, 05 Novembre 2010,PC
Midtown Madness sur PC,18,17.2,34-00€,Microsoft,Oui, Juin 1999,PC
Legacy of Kain : Soul Reaver sur PC,18,17.2,25-00€,CrystalDynamics,+16ans, 1999,PC
Rally Masters sur PC,18,17.1,23-00€,Infogrames,CD, 12 Avril 2000,PC
Grand Prix 3 sur PC,18,15.9,9-99€,HasbroInteractive,Simulation, 28 Juillet 2000,PC
Dark Souls sur PC,18,15.1,199-99€,BandaiNamco,HeroicFantasy, 24 Août 2012,PC
Grand Theft Auto : San Andreas sur PC,18,18.4,8-99€,RockstarGames,Contemporain, 10 Juin 2005,PC
Monkey Island 2 : LeChuck's Revenge : Special Edition sur PC,18,16,8-99€,LucasArts,+3ans, 07 Juillet 2010,PC
Football Manager 2007 sur PC,18,18.2,14-27€,SportsInteractive,+3ans, 20 Octobre 2006,PC
Battlefield 2 sur PC,18,17.8,23-99€,ElectronicArts,+16ans, 23 Juin 2005,PC
Rise of the Tomb Raider sur PC,18,15.3,27-99€,CrystalDynamics,Contemporain, 28 Janvier 2016,PC
The Elder Scrolls III : Morrowind sur PC,18,18.3,13-49€,BethesdaSoftworks,Fantastique, 30 Mai 2002,PC
Baldur's Gate sur PC,18,18.1,14-35€,Interplay,Oui, 05 Janvier 1999,PC
Street Fighter V : Arcade Edition sur PC,18,8.2,12-90€,Capcom,+12ans, 16 Février 2016,PC
Company of Heroes sur PC,18,18.3,8-91€,RelicEntertainment,+18ans, 29 Septembre 2006,PC
No One Lives Forever sur PC,18,18.3,25-00€,FoxInteractive,De2à16joueurs, Décembre 2000,PC
Virtual Skipper 3 sur PC,18,16.3,3-00€,Focus,Simulation, 21 Novembre 2003,PC
Rage sur PC,18,14.6,8-99€,BethesdaSoftworks,Post-apocalyptique, 07 Octobre 2011,PC
Star Wars Episode I : Racer sur PC,18,17.8,69-99€,Ubisoft,Cinéma, Mai 1999,PC
Grand Theft Auto IV sur PC,18,16.1,7-99€,RockstarNorth,Contemporain, 03 Décembre 2008,PC
F1 World Grand Prix sur PC,18,13.2,7-99€,EidosInteractive,+3ans, Juin 2000,PC
Splinter Cell Double Agent sur PC,18,14.9,2-99€,Ubisoft,Infiltration, 09 Novembre 2006,PC
Tomb Raider sur PC,18,16,9-99€,CrystalDynamics,Contemporain, 05 Mars 2013,PC
Pro Evolution Soccer 6 sur PC,18,14.8,24-00€,Konami,+3ans, 26 Octobre 2006,PC
Mount & Blade : Warband sur PC,18,17.8,15-99€,TaleWorldsEntertainment,ActionRPG, 30 Mars 2010,PC
Myst III : Exile sur PC,18,17.2,24-00€,PrestoStudios,Réflexion, 06 Septembre 2001,PC
Dead Space sur PC,18,17.1,7-99€,ElectronicArts,Extraterrestres, 23 Octobre 2008,PC
Grand Theft Auto : Vice City sur PC,18,17.7,8-99€,RockstarGames,Contemporain, 16 Mai 2003,PC
Assassin's Creed II sur PC,18,15.1,8-99€,UbisoftMontreal,Historique, 04 Mars 2010,PC
Les Sims 3 sur PC,18,16.4,27-00€,Maxis,Simulation, 04 Juin 2009,PC
Payday 2 sur PC,18,15.4,19-92€,Overkill,+16ans, 13 Août 2013,PC
Quake sur PC,18,16.9,4-49€,idSoftware,CD, Septembre 1996,PC
Crusader Kings II sur PC,18,17.3,19-90€,ParadoxInteractive,Moyen-Age, 14 Février 2012,PC
Mass Effect 2 sur PC,18,17.7,5-80€,BioWare,Extraterrestres, 28 Janvier 2010,PC
Flight Simulator 2004 : Un Siècle d'Aviation sur PC,18,17.5,19-94€,Microsoft,+3ans, 29 Août 2003,PC
The Elder Scrolls V : Skyrim sur PC,18,17.8,7-99€,BethesdaSoftworks,Dragons, 11 Novembre 2011,PC
Warhammer 40.000 : Dawn of War II sur PC,18,16,6-19€,RelicEntertainment,Tactique, 20 Février 2009,PC
The Witcher - Enhanced Edition sur PC,18,17.6,29-93€,CDProjekt,ActionRPG, 19 Septembre 2008,PC
Football Manager 2013 sur PC,18,13.2,14-43€,SportsInteractive,Football, 02 Novembre 2012,PC
NBA 2K12 sur PC,18,16.2,26-00€,VisualConcepts,+3ans, 07 Octobre 2011,PC
GTR 2 sur PC,18,18.2,26-00€,SimBinDevelopmentTeam,Simulation, 29 Septembre 2006,PC
The Witcher 2 : Assassins of Kings sur PC,18,16.7,11-99€,CDProjektRED,HeroicFantasy, 17 Mai 2011,PC
Half-Life 2 sur PC,18,18.1,24-99€,VivendiUniversalGames,Science-Fiction, 17 Novembre 2004,PC
Colin McRae Rally 04 sur PC,18,16,14-50€,Codemasters,+3ans, 09 Avril 2004,PC
Warcraft III : Reign of Chaos sur PC,18,18.3,27-00€,VivendiUniversalGames,HeroicFantasy, 05 Juillet 2002,PC
South Park : Le Bâton de la Vérité sur PC,18,17.5,5-77€,Obsidian,Animation, 06 Mars 2014,PC
Official Formula 1 Racing sur PC,18,12.8,12-99€,Lankhor,CD, Mai 1999,PC
Runaway 2 : The Dream of the Turtle sur PC,18,16.4,9-99€,PenduloStudios,Point'nClick, 17 Novembre 2006,PC
GP 500 sur PC,18,18,37-00€,MicroProse,Simulation, Septembre 1999,PC
Gears of War sur PC,18,16,61-00€,Microsoft,+18ans, 09 Novembre 2007,PC
Pizza Syndicate sur PC,18,15.1,1-00€,Software2000,CD, Septembre 1999,PC
Company of Heroes : Opposing Fronts sur PC,18,18.3,3-99€,RelicEntertainment,+18ans, 28 Septembre 2007,PC
Crysis sur PC,18,17.2,9-76€,Crytek,Contemporain, 16 Novembre 2007,PC
Need for Speed : Conduite en Etat de Liberté sur PC,18,18,26-00€,ElectronicArts,CD, 11 Juin 1999,PC
Football Manager 2010 sur PC,18,17.5,24-00€,SportsInteractive,Football, 30 Octobre 2009,PC
Dark Project : La Guilde des Voleurs sur PC,18,17.4,19-99€,LookingGlass,Infiltration, 1998,PC
Starcraft II : Wings of Liberty sur PC,18,17.2,12-30€,ActivisionBlizzard,+16ans, 27 Juillet 2010,PC
Borderlands 2 sur PC,18,17.7,9-79€,2KGames,Cyberpunk, 21 Septembre 2012,PC
Assassin's Creed : Brotherhood sur PC,18,16.8,6-98€,UbisoftMontreal,Historique, 17 Mars 2011,PC
StarLancer sur PC,18,17.3,90-00€,Microsoft,Tir, Mai 2000,PC
Batman Arkham Asylum sur PC,18,17.5,4-89€,Rocksteady,Animation, 18 Septembre 2009,PC
NBA 2K11 sur PC,18,16.7,29-90€,VisualConcepts,+3ans, 08 Octobre 2010,PC
The Next Penelope sur PC,18,16.2,11-49€,noinformation,noinformation, 29 Mai 2015,PC
World of Warcraft : Legion sur PC,18,17.3,22-45€,ActivisionBlizzard,MMORPG, 30 Août 2016,PC
Tournament sur PC,18,18.7,29-99€,GTInteractive,Oui, 05 Décembre 1999,PC
In Memoriam : Le Dernier Rituel sur PC,18,18,4-99€,LexisNumérique,Réflexion, 21 Septembre 2006,PC
Flight Simulator X sur PC,18,17.8,22-41€,Microsoft,+3ans, 13 Octobre 2006,PC
Planescape : Torment sur PC,18,18.1,49-99€,BlackIsleStudios,Fantasy, Janvier 2000,PC
Motocross Madness 2 sur PC,18,18,25-01€,Microsoft,Oui, 06 Juillet 2000,PC
Doom sur PC,18,18.8,29-99€,idSoftware,CD, 1993,PC
Splinter Cell Pandora Tomorrow sur PC,18,17.2,15-75€,Ubisoft,+12ans, 01 Avril 2004,PC
Les Sims sur PC,18,17,27-00€,ElectronicArts,Simulation, 04 Février 2000,PC
Far Cry 3 sur PC,18,17,7-99€,UbisoftMontreal,Contemporain, 29 Novembre 2012,PC
Devil May Cry 4 sur PC,18,16.6,7-99€,Capcom,Plate-Forme, 17 Juillet 2008,PC
Ground Control sur PC,18,16.7,8-00€,MassiveEntertainment,+12ans, Juin 2000,PC
BlazBlue : Calamity Trigger sur PC,18,16.2,2-30€,ArcSystemWorks,+12ans, 20 Août 2010,PC
Command & Conquer sur PC,18,17.5,80-00€,WestwoodStudios,+16ans, 1995,PC
SimCity 4 sur PC,18,17.6,24-99€,ElectronicArts,+3ans, 16 Janvier 2003,PC
Max Payne sur PC,18,17.3,9-99€,Take-TwoInteractive,+16ans, 01 Août 2001,PC
S.T.A.L.K.E.R. : Call of Pripyat sur PC,18,17.4,19-99€,bitComposer,+16ans, 05 Février 2010,PC
Far Cry sur PC,18,17.3,6-99€,Crytek,Enquête, 25 Mars 2004,PC
Titan Quest sur PC,18,17,3-99€,IronLore,+12ans, 30 Juin 2006,PC
Prince of Persia : Les Deux Royaumes sur PC,18,17.1,4-90€,Ubisoft,Plate-Forme, 08 Décembre 2005,PC
Spore sur PC,18,16.5,19-89€,Maxis,Simulation, 04 Septembre 2008,PC
Dragon Age : Origins sur PC,18,17.2,9-99€,BioWare,HeroicFantasy, 05 Novembre 2009,PC
Grand Theft Auto V sur PC,18,15.7,15-99€,RockstarGames,TPS, 14 Avril 2015,PC
L'Amerzone sur PC,18,15,1-99€,Microïds,Siteofficiel, 19 Mars 1999,PC
Football Manager 2011 sur PC,18,17.3,8-95€,Sega,+3ans, 05 Novembre 2010,PC
Devil Inside sur PC,18,15.9,17-10€,CryoInteractive,Non, 30 Mars 2000,PC
EverQuest II sur PC,18,16.2,6-00€,DaybreakGameCompany,+12ans, 08 Novembre 2004,PC
Wildstar sur PC,18,16.3,2-79€,CarbineStudios,Science-Fiction, 03 Juin 2014,PC
Trials Evolution : Gold Edition sur PC,18,16,12-99€,RedLynx,Plate-Forme, 21 Mars 2013,PC
Black & White sur PC,18,17.4,24-00€,Lionhead,+12ans, 05 Avril 2001,PC
Call of Duty : Black Ops sur PC,18,13.4,14-99€,Treyarch,+18ans, 09 Novembre 2010,PC
Dethkarz sur PC,18,17.6,49-90€,MelbourneHouse,+3ans, 04 Mars 1999,PC
Pro Evolution Soccer 5 sur PC,18,16.1,24-00€,Konami,Siteofficiel, 27 Octobre 2005,PC
Unreal Tournament 2003 sur PC,18,17.9,19-99€,Infogrames,Oui, 04 Octobre 2002,PC
World of Warcraft sur PC,18,16.6,5-10€,VivendiUniversalGames,MMORPG, 11 Février 2005,PC
Starcraft sur PC,18,18.4,7-50€,BlizzardEntertainment,Siteofficiel, 1998,PC
Mass Effect sur PC,18,17.5,4-36€,BioWare,Extraterrestres, 05 Juin 2008,PC
XCOM 2 sur PC,18,15.1,24-90€,Firaxis,Science-Fiction, 05 Février 2016,PC
Shadow Tactics : Blades of the Shogun sur PC,18,18.6,13-99€,DaedalicEntertainment,Tactique, 06 Décembre 2016,PC
Assassin's Creed Origins sur PC,18,16.3,53-99€,UbisoftMontreal,Infiltration, 27 Octobre 2017,PC
NBA 2K19 sur PC,17,11.4,34-99€,VisualConcepts,Basket, 11 Septembre 2018,PC
F1 2018 sur PC,17,13.6,39-99€,Codemasters,Formule1, 24 Août 2018,PC
Overcooked 2 sur PC,17,15.5,2-39€,Team17,Adresse, 07 Août 2018,PC
Wreckfest sur PC,17,16.7,44-99€,BugbearEntertainment,Jouableensolo, 14 Juin 2018,PC
Crash Bandicoot N. Sane Trilogy sur PC,17,16,27-93€,Activision,Plate-Forme, 29 Juin 2018,PC
The Elder Scrolls Online : Summerset sur PC,17,13.9,29-99€,BethesdaSoftworks,MMORPG, 21 Mai 2018,PC
Ghost of a Tale sur PC,17,18.2,20-69€,SeithCG,+12ans, 13 Mars 2018,PC
V-Rally 2 sur PC,17,14.2,4-99€,Infogrames,De2à4joueurs, Septembre 2000,PC
Command & Conquer : Alerte Rouge 3 sur PC,17,14.8,19-99€,ElectronicArts,2à6joueurs, 30 Octobre 2008,PC
Mortal Kombat X sur PC,17,14.1,5-18€,WarnerBrosGames,Fantastique, 14 Avril 2015,PC
Starcraft II : Legacy of the Void sur PC,17,17.8,10-65€,BlizzardEntertainment,Multienligne, 10 Novembre 2015,PC
Black & White : L'Ile aux Créatures sur PC,17,15,64-00€,ElectronicArts,+3ans, 24 Janvier 2002,PC
Pro Evolution Soccer 4 sur PC,17,16.3,24-00€,Konami,2à8joueurs, 02 Décembre 2004,PC
Cuphead sur PC,17,17,17-99€,StudioMDHR,Jouableensolo, 29 Septembre 2017,PC
Teslagrad sur PC,17,16.3,7-79€,RainGames,Plate-Forme, 13 Décembre 2013,PC
Return to Castle Wolfenstein sur PC,17,17.3,38-00€,idSoftware,+16ans, 07 Décembre 2001,PC
Civilization V : Brave New World sur PC,17,16.2,23-99€,2KGames,Historique, 12 Juillet 2013,PC
Les Sims 2 sur PC,17,17.4,13-97€,Maxis,Simulation, 16 Septembre 2004,PC
This War of Mine sur PC,17,16,2-00€,11bitstudios,Contemporain, 14 Novembre 2014,PC
Phantasmagoria sur PC,17,17.5,49-00€,Sierra,CD, 1995,PC
Fallout New Vegas sur PC,17,16.7,4-83€,Obsidian,Post-apocalyptique, 22 Octobre 2010,PC
Mechwarrior 4 : Vengeance sur PC,17,15.2,114-99€,Microsoft,Siteofficiel, 15 Janvier 2001,PC
World in Conflict sur PC,17,17.7,2-99€,MassiveEntertainment,+16ans, 21 Septembre 2007,PC
X-com : Terror from the Deep sur PC,17,17.8,4-99€,MicroProse,CD, 1995,PC
Oddworld : L'Exode d'Abe sur PC,17,18.5,36-00€,GTInteractive,Plate-Forme, 30 Novembre 1998,PC
Battle Realms sur PC,17,16.7,59-99€,CraveEntertainment,+12ans, 29 Novembre 2001,PC
Aliens versus Predator 2 sur PC,17,17.7,45-00€,MonolithProductions,Cinéma, Décembre 2001,PC
Need for Speed : Hot Pursuit sur PC,17,14.8,29-90€,CriterionStudios,Automobile, 18 Novembre 2010,PC
Enemy Territory : Quake Wars sur PC,17,16.5,18-00€,Activision,+16ans, 28 Septembre 2007,PC
Shogun : Total War sur PC,17,16.6,7-99€,ElectronicArts,De2à8joueurs, 29 Juin 2000,PC
Orcs Must Die! sur PC,17,17,18-00€,RobotEntertainment,Jouableensolo, 12 Octobre 2011,PC
NHL 2002 sur PC,17,18.5,14-80€,ElectronicArts,+3ans, 04 Octobre 2001,PC
S.T.A.L.K.E.R. : Clear Sky sur PC,17,16,21-98€,GSCWorldPublishing,+16ans, 05 Septembre 2008,PC
Bad Piggies sur PC,17,16.5,9-99€,Rovio,Adresse, 27 Septembre 2012,PC
Neverwinter Nights sur PC,17,17.1,24-00€,BioWare,+12ans, 20 Septembre 2002,PC
World of Warcraft : Warlords of Draenor sur PC,17,15.7,24-99€,ActivisionBlizzard,MMORPG, 13 Novembre 2014,PC
Poker Academy sur PC,17,16,6-00€,AnumanInteractive,+12ans, 30 Octobre 2006,PC
SimCity 2000 sur PC,17,16.7,24-00€,ElectronicArts,Simulation, 1995,PC
Freelancer sur PC,17,16.9,79-50€,Microsoft,Simulation, 28 Mai 2003,PC
Final Fantasy XIV : Heavensward sur PC,17,14,12-64€,SquareEnix,HeroicFantasy, 23 Juin 2015,PC
Heroes of Might and Magic IV sur PC,17,15.1,20-00€,3DO,+7ans, 26 Avril 2002,PC
Baldur's Gate II : Throne of Bhaal sur PC,17,17.8,24-00€,BioWare,+12ans, 20 Juillet 2001,PC
Titanfall 2 sur PC,17,16.5,16-49€,RespawnEntertainment,Science-Fiction, 28 Octobre 2016,PC
Homeworld 2 sur PC,17,16.1,28-10€,Sierra,+12ans, Septembre 2003,PC
NBA Live 2004 sur PC,17,17.9,24-00€,ElectronicArts,+3ans, 27 Novembre 2003,PC
Hitman sur PC,17,13.7,22-90€,SquareEnix,Infiltration, 31 Janvier 2017,PC
Medieval II : Total War sur PC,17,17.9,10-97€,TheCreativeAssembly,Moyen-Age, 09 Novembre 2006,PC
F1 2010 sur PC,17,16.3,2-99€,Codemasters,2à12joueurs, 23 Septembre 2010,PC
Supreme Commander : Forged Alliance sur PC,17,17.3,26-00€,THQ,+12ans, 23 Novembre 2007,PC
Drakensang : The River of Time sur PC,17,16.3,6-99€,RadonLabs,+16ans, 11 Octobre 2010,PC
Dark Age of Camelot : Shrouded Isles sur PC,17,17.6,0-90€,MythicEntertainment,+3ans, 19 Février 2003,PC
Rise of Nations : Rise of Legends sur PC,17,17.1,4-90€,Microsoft,+12ans, 26 Mai 2006,PC
Darkstone sur PC,17,17.1,4-99€,DelphineSoftwareInternational,+12ans, 07 Septembre 1999,PC
Age of Empires sur PC,17,17.7,38-00€,Microsoft,CD, 1997,PC
XCOM : Enemy Unknown sur PC,17,16.6,15-99€,Firaxis,Tactique, 12 Octobre 2012,PC
L.A. Noire : L'Edition Intégrale sur PC,17,15.2,7-30€,RockstarLeeds,+18ans, 11 Novembre 2011,PC
Flight Simulator 2002 sur PC,17,17.5,25-00€,Microsoft,+3ans, Novembre 2001,PC
Rune sur PC,17,17.4,4-06€,HumanHeadSoftware,+3ans, 15 Novembre 2000,PC
Borderlands 2 : Le Capitaine Scarlett et son Butin de Pirate sur PC,17,15.7,8-99€,2KGames,Cyberpunk, 16 Octobre 2012,PC
Warcraft III : The Frozen Throne sur PC,17,18.3,30-00€,VivendiUniversalGames,HeroicFantasy, 04 Juillet 2003,PC
Napoléon : Total War sur PC,17,17.2,14-49€,Sega,Wargame, 26 Février 2010,PC
Dark Age of Camelot sur PC,17,16.4,9-82€,Wanadoo,+12ans, 21 Janvier 2002,PC
Mount & Blade sur PC,17,17.8,8-99€,ParadoxInteractive,ActionRPG, 19 Septembre 2008,PC
S.T.A.L.K.E.R. : Shadow of Chernobyl sur PC,17,16.9,24-00€,GSCGameWorld,+16ans, 23 Mars 2007,PC
The Westerner sur PC,17,13.7,24-00€,Revistronic,Point'nClick, 20 Février 2004,PC
Star Trek : Deep Space Nine : The Fallen sur PC,17,17.8,24-00€,TheCollectiveInc.,Jouableensolo, 01 Avril 2001,PC
Driver sur PC,17,17.3,24-00€,Reflections,+12ans, Octobre 1999,PC
God of War sur PS4,20,17.7,52-99€,SonyComputerEntertainment,Beat'emAll, 20 Avril 2018,PS4
Valkyria Chronicles 4 sur PS4,19,18,44-99€,Sega,22Mars2018, 25 Septembre 2018,PS4
Divinity : Original Sin II - Definitive Edition sur PS4,19,19,53-99€,noinformation,noinformation, 31 Août 2018,PS4
The Witcher 3 : Wild Hunt sur PS4,19,18.1,19-99€,CDProjektRED,Fantastique, 19 Mai 2015,PS4
The Last of Us Remastered sur PS4,19,18.4,17-00€,NaughtyDog,Survival-Horror, 30 Juillet 2014,PS4
Uncharted 4 : A Thief's End sur PS4,19,18.3,16-63€,NaughtyDog,+18ans, 10 Mai 2016,PS4
The Walking Dead : Saison 1 sur PS4,19,18.2,25-99€,TelltaleGames,Post-apocalyptique, 24 Octobre 2014,PS4
Divinity : Original Sin - Enhanced Edition sur PS4,19,15.3,39-00€,FocusHomeInteractive,HeroicFantasy, 27 Octobre 2015,PS4
Dark Souls III sur PS4,19,17.6,19-99€,noinformation,noinformation, 12 Avril 2016,PS4
NieR Automata sur PS4,19,17.5,35-01€,SquareEnix,ActionRPG, 10 Mars 2017,PS4
Dishonored : Definitive Edition sur PS4,19,16.2,12-99€,noinformation,noinformation, 25 Août 2015,PS4
The Witcher 3 : Wild Hunt - Blood and Wine sur PS4,19,19.3,154-48€,noinformation,noinformation, 31 Mai 2016,PS4
Zero Escape : The Nonary Games sur PS4,19,18.5,28-09€,SpikeChunsoft,Jouableensolo, 24 Mars 2017,PS4
Okami HD sur PS4,19,18.7,14-99€,noinformation,noinformation, 12 Décembre 2017,PS4
Assassin's Creed Odyssey sur PS4,18,16.3,47-33€,Ubisoft,ActionRPG, 05 Octobre 2018,PS4
Dragon Ball FighterZ sur PS4,18,14.1,47-65€,ArcSystemWorks,+12ans, 26 Janvier 2018,PS4
Monster Hunter World sur PS4,18,15.9,26-00€,Capcom,Jouableensolo, 26 Janvier 2018,PS4
Dead Cells sur PS4,18,18.4,29-99€,MotionTwin,Plate-Forme, 07 Août 2018,PS4
Yakuza Kiwami 2 sur PS4,18,17.3,39-99€,Sega,07Décembre2017, 28 Août 2018,PS4
Yakuza 6 : The Song of Life sur PS4,18,15.4,40-29€,Sega,17Avril2018, 17 Avril 2018,PS4
Shadow of the Colossus sur PS4,18,14.6,24-82€,Sony,Jouableensolo, 07 Février 2018,PS4
Moss sur PS4,18,19.3,21-00€,Polyarc,+12ans, 28 Février 2018,PS4
Final Fantasy XV : Édition Royale sur PS4,18,10.2,no information,SquareEnix,+16ans, 06 Mars 2018,PS4
Dragon's Crown Pro sur PS4,18,17.3,29-99€,Atlus,+12ans, 15 Mai 2018,PS4
Celeste sur PS4,18,17,no information,MattMakesGames,Jouableensolo, 25 Janvier 2018,PS4
Killzone : Shadow Fall sur PS4,18,15.7,17-00€,Guerrilla,Science-Fiction, 29 Novembre 2013,PS4
Life is Strange sur PS4,18,17.7,18-49€,DONTNODEntertainment,Fantastique, 30 Janvier 2015,PS4
Darkest Dungeon sur PS4,18,15.3,19-99€,RedHookStudios,+16ans, 27 Septembre 2016,PS4
Metal Gear Solid V : The Phantom Pain sur PS4,18,16.5,24-90€,KojimaProductions,Infiltration, 01 Septembre 2015,PS4
Child of Light sur PS4,18,17.7,170-71€,UbisoftMontreal,Fantastique, 30 Avril 2014,PS4
Everybody's Gone to the Rapture sur PS4,18,13,no information,SCESantaMonicaStudio,11Août2015, 11 Août 2015,PS4
Watch Dogs sur PS4,18,15.1,15-00€,Ubisoft,Enquête, 27 Mai 2014,PS4
Gravity Rush Remastered sur PS4,18,15.7,30-05€,Sony,+12ans, 02 Février 2016,PS4
Nioh sur PS4,18,16.8,24-30€,TeamNinja,ActionRPG, 08 Février 2017,PS4
Tearaway Unfolded sur PS4,18,17.2,11-17€,MediaMolecule,Fantastique, 09 Septembre 2015,PS4
Grim Fandango Remastered sur PS4,18,15.3,no information,Sony,Siteofficiel, 28 Janvier 2015,PS4
FEZ sur PS4,18,15.3,no information,PolytronCorporation,Plate-Forme, 26 Mars 2014,PS4
Rise of the Tomb Raider sur PS4,18,16.5,29-99€,CrystalDynamics,Contemporain, 11 Octobre 2016,PS4
Street Fighter V : Arcade Edition sur PS4,18,10,13-10€,Capcom,+12ans, 16 Février 2016,PS4
Bloodborne sur PS4,18,16.6,15-59€,FromSoftware,Fantastique, 25 Mars 2015,PS4
Call of Duty : Advanced Warfare sur PS4,18,13.8,15-60€,SledgehammerGames,Contemporain, 04 Novembre 2014,PS4
Mount & Blade : Warband sur PS4,18,15,35-60€,TaleWorldsEntertainment,ActionRPG, 16 Septembre 2016,PS4
Dust : An Elysian Tail sur PS4,18,16.5,no information,HumbleHearts,Beat'emAll, 08 Octobre 2014,PS4
Journey sur PS4,18,15.7,49-99€,Sony,Autres, 21 Juillet 2015,PS4
Ether One sur PS4,18,11.1,15-17€,WhitePaperGames,Payantàl'acquisition, 06 Mai 2015,PS4
Flower sur PS4,18,16.6,no information,Sony,Autres, 29 Novembre 2013,PS4
Tomb Raider : Definitive Edition sur PS4,18,17,14-00€,CrystalDynamics,Contemporain, 31 Janvier 2014,PS4
The Walking Dead : Saison 2 : Episode 3 - In Harm’s Way sur PS4,18,16,no information,TelltaleGames,Post-apocalyptique, 31 Octobre 2014,PS4
What Remains of Edith Finch sur PS4,18,13.5,no information,SCESantaMonicaStudio,Autres, 25 Avril 2017,PS4
Grand Theft Auto V sur PS4,18,17,24-07€,RockstarGames,TPS, 18 Novembre 2014,PS4
Final Fantasy XV sur PS4,18,14.8,16-00€,SquareEnix,HeroicFantasy, 29 Novembre 2016,PS4
The Walking Dead : Episode 3 - Long Road Ahead sur PS4,18,18,no information,TelltaleGames,Post-apocalyptique, 14 Octobre 2014,PS4
Life is Strange - Episode 1 - Chrysalis sur PS4,18,18.4,no information,DONTNODEntertainment,Fantastique, 30 Janvier 2015,PS4
Call of Duty : Black Ops III sur PS4,18,11.9,19-99€,Treyarch,Futuriste, 06 Novembre 2015,PS4
Life is Strange - Episode 2 - Out of Time sur PS4,18,18.1,no information,DONTNODEntertainment,Point'nClick, 24 Mars 2015,PS4
God of War III Remastered sur PS4,18,16.1,19-00€,Sony,Beat'emAll, 15 Juillet 2015,PS4
NBA 2K16 sur PS4,18,15,12-02€,2KSports,Basket, 29 Septembre 2015,PS4
Life is Strange - Episode 3 - Chaos Theory sur PS4,18,17,no information,SquareEnix,Fantastique, 19 Mai 2015,PS4
XCOM 2 sur PS4,18,15.2,13-85€,Firaxis,Science-Fiction, 30 Septembre 2016,PS4
Uncharted : The Nathan Drake Collection sur PS4,18,17.2,21-85€,Sony,07Octobre2015, 07 Octobre 2015,PS4
Dishonored 2 sur PS4,18,16.6,9-49€,BethesdaSoftworks,Infiltration, 11 Novembre 2016,PS4
Horizon : Zero Dawn sur PS4,18,18,24-76€,SonyComputerEntertainment,Infiltration, 01 Mars 2017,PS4
World of Final Fantasy sur PS4,18,17.3,23-90€,SquareEnix,+16ans, 28 Octobre 2016,PS4
The Witcher 3 : Wild Hunt - Hearts of Stone sur PS4,18,18.4,67-95€,CDProjekt,Jouableensolo, 13 Octobre 2015,PS4
Odin Sphere : Leifthrasir sur PS4,18,16.7,34-90€,noinformation,noinformation, 24 Juin 2016,PS4
Life is Strange - Episode 5 - Polarized sur PS4,18,16.8,no information,SquareEnix,Point'nClick, 21 Octobre 2015,PS4
Yakuza Kiwami sur PS4,18,15.9,24-90€,YakuzaStudio,Jouableensolo, 29 Août 2017,PS4
Hatsune Miku Project Diva Future Tone sur PS4,18,18,no information,Sega,23Juin2016, 10 Janvier 2017,PS4
Valkyria Chronicles Remastered sur PS4,18,14.4,19-99€,noinformation,noinformation, 17 Mai 2016,PS4
Full Throttle Remastered sur PS4,18,14.3,no information,noinformation,noinformation, 18 Avril 2017,PS4
Hatsune Miku Project Diva Future Tone : Future Sound sur PS4,18,18,no information,Sega,23Juin2016, 10 Janvier 2017,PS4
Hatsune Miku Project Diva Future Tone : Colorful Tone sur PS4,18,18,no information,Sega,23Juin2016, 10 Janvier 2017,PS4
Final Fantasy XII : The Zodiac Age sur PS4,18,17.1,17-90€,SquareEnix,+12ans, 11 Juillet 2017,PS4
Shadow Tactics : Blades of the Shogun sur PS4,18,18,14-99€,DaedalicEntertainment,Tactique, 28 Juillet 2017,PS4
Assassin's Creed Origins sur PS4,18,16.8,35-90€,UbisoftMontreal,Infiltration, 27 Octobre 2017,PS4
Hatsune Miku Project Diva Future Tone DX sur PS4,18,19.7,no information,Sega,22Novembre2017, 22 Novembre 2017,PS4
Spider-Man sur PS4,17,17.7,54-99€,SonyInteractiveEntertainment,Super-Héros, 07 Septembre 2018,PS4
Pro Evolution Soccer 2019 sur PS4,17,16.4,42-49€,KonamiDigitalEntertainment,Jouableensolo, 30 Août 2018,PS4
NBA 2K19 sur PS4,17,12.1,43-60€,VisualConcepts,Basket, 11 Septembre 2018,PS4
F1 2018 sur PS4,17,17.8,52-99€,Codemasters,Formule1, 24 Août 2018,PS4
Detroit : Become Human sur PS4,17,18,52-89€,QuanticDream,Futuriste, 25 Mai 2018,PS4
Overcooked 2 sur PS4,17,16.5,29-90€,Team17,Adresse, 07 Août 2018,PS4
Astro Bot Rescue Mission sur PS4,17,18.2,38-24€,Sony,Plate-Forme, 03 Octobre 2018,PS4
The Elder Scrolls Online : Summerset sur PS4,17,12.3,24-99€,BethesdaSoftworks,MMORPG, 05 Juin 2018,PS4
Sonic Mania Plus sur PS4,17,16.3,24-99€,Sega,19Juillet2018, 17 Juillet 2018,PS4
Mortal Kombat X sur PS4,17,16,19-99€,WarnerBrosGames,Fantastique, 14 Avril 2015,PS4
Dragon Quest Heroes : Le Crépuscule de l’Arbre du Monde sur PS4,17,15.9,22-30€,OMEGAForce,16Octobre2015, 16 Octobre 2015,PS4
Tekken 7 sur PS4,17,14.2,27-80€,BandaiNamco,Jouableensolo, 02 Juin 2017,PS4
Final Fantasy IX sur PS4,17,6.1,no information,SquareEnix,Jouableensolo, 19 Septembre 2017,PS4
Pillars of Eternity sur PS4,17,18.3,29-99€,ParadoxInteractive,HeroicFantasy, 29 Août 2017,PS4
Warframe sur PS4,17,16.1,no information,DigitalExtremes,+16ans, 29 Novembre 2013,PS4
Final Fantasy XIV : Heavensward sur PS4,17,18,17-90€,SquareEnix,HeroicFantasy, 23 Juin 2015,PS4
NBA 2K15 sur PS4,17,16.7,9-90€,2KSports,Basket, 10 Octobre 2014,PS4
Assassin's Creed Unity sur PS4,17,14.7,16-80€,UbisoftMontreal,+18ans, 13 Novembre 2014,PS4
Titanfall 2 sur PS4,17,17.1,9-90€,RespawnEntertainment,Science-Fiction, 28 Octobre 2016,PS4
Hitman sur PS4,17,11.5,27-95€,SquareEnix,Infiltration, 31 Janvier 2017,PS4
Firewatch sur PS4,17,14.5,no information,CampoSanto,Siteofficiel, 09 Février 2016,PS4
The Swapper sur PS4,17,15.3,62-13€,FacepalmGames,Plate-Forme, 06 Août 2014,PS4
Hotline Miami 2 : Wrong Number sur PS4,17,15.5,no information,DevolverDigital,Contemporain, 11 Mars 2015,PS4
Tom Clancy's The Division sur PS4,17,15.3,15-99€,MassiveEntertainment,Post-apocalyptique, 08 Mars 2016,PS4
Watch Dogs 2 sur PS4,17,15.7,21-17€,Ubisoft,Contemporain, 15 Novembre 2016,PS4
The Talos Principle sur PS4,17,16.3,44-90€,DevolverDigital,Réflexion, 13 Octobre 2015,PS4
Octodad : Dadliest Catch sur PS4,17,15.1,no information,YoungHorses,Animaux, 23 Avril 2014,PS4
EA Sports UFC sur PS4,17,14.3,15-35€,EAFightingTeam,Artsmartiaux, 17 Juin 2014,PS4
Cities Skylines sur PS4,17,15.4,28-95€,ParadoxInteractive,Siteofficiel, 15 Août 2017,PS4
Trials Fusion sur PS4,17,15.9,20-80€,UbisoftKiev,RedLynx, 16 Avril 2014,PS4
No Man's Sky sur PS4,17,13.6,22-99€,HelloGames,Payantàl'acquisition, 10 Août 2016,PS4
Tales from the Borderlands sur PS4,17,17.1,no information,TelltaleGames,Extraterrestres, 03 Décembre 2014,PS4
Salt and Sanctuary sur PS4,17,15.4,no information,SkaStudios,PlayStationStore, 15 Mars 2016,PS4
Resident Evil HD Remaster sur PS4,17,18.1,no information,Capcom,Zombies, 20 Janvier 2015,PS4
Overwatch sur PS4,17,15.8,27-28€,BlizzardEntertainment,Cyberpunk, 24 Mai 2016,PS4
The Binding of Isaac : Rebirth sur PS4,17,15,19-99€,Nicalis,Monstres, 04 Novembre 2014,PS4
Resident Evil 6 sur PS4,17,11.3,18-89€,Capcom,Contemporain, 29 Mars 2016,PS4
The Walking Dead : Episode 2 - Starved for Help sur PS4,17,8,no information,TelltaleGames,Post-apocalyptique, 14 Octobre 2014,PS4
Persona 5 sur PS4,17,18.7,41-90€,Atlus,04Avril2017, 04 Avril 2017,PS4
Gravity Rush 2 sur PS4,17,16.5,22-90€,Sony,GravityDaze2, 18 Janvier 2017,PS4
Hellblade : Senua's Sacrifice sur PS4,17,16.2,no information,NinjaTheory,+18ans, 08 Août 2017,PS4
Ultimate Marvel vs. Capcom 3 sur PS4,17,14.5,no information,Capcom,Multienligne, 03 Décembre 2016,PS4
Destiny 2 sur PS4,17,13.4,8-79€,Bungie,Science-Fiction, 06 Septembre 2017,PS4
The Walking Dead : Saison 2 : Episode 2 - A House Divided sur PS4,17,19,no information,TelltaleGames,Post-apocalyptique, 31 Octobre 2014,PS4
Battlefield 1 sur PS4,17,12.4,18-00€,Dice,1èreGuerreMondiale, 21 Octobre 2016,PS4
Tom Clancy's Rainbow Six Siege sur PS4,17,16.3,14-40€,Ubisoft,+18ans, 01 Décembre 2015,PS4
NBA 2K14 sur PS4,17,16.7,8-99€,2KSports,Basket, 29 Novembre 2013,PS4
Rayman Legends sur PS4,17,16.7,16-99€,UbisoftMontpellier,Plate-Forme, 20 Février 2014,PS4
Minecraft sur PS4,17,13.7,19-69€,Mojang,OpenWorld, 03 Septembre 2014,PS4
Ratchet & Clank sur PS4,17,16.6,15-59€,Sony,Plate-Forme, 15 Avril 2016,PS4
Rime sur PS4,17,16.7,29-54€,SixFoot,26Mai2017, 26 Mai 2017,PS4
Axiom Verge sur PS4,17,16.2,14-33€,ThomasHapp,Payantàl'acquisition, 01 Avril 2015,PS4
Batman Arkham Knight sur PS4,17,17.3,14-24€,Rocksteady,Animation, 23 Juin 2015,PS4
Spelunky sur PS4,17,14.5,no information,Mossmouth,+7ans, 08 Octobre 2014,PS4
TowerFall Ascension sur PS4,17,14.2,no information,MattMakesGames,Tiràl'arc, 19 Mars 2014,PS4
Darksiders II : Deathinitive Edition sur PS4,17,15.8,16-08€,NordicGames,HeroicFantasy, 27 Octobre 2015,PS4
Dragon Age Inquisition sur PS4,17,16.5,10-49€,BioWare,HeroicFantasy, 20 Novembre 2014,PS4
L.A. Noire sur PS4,17,14.9,26-99€,TeamBondi,+18ans, 14 Novembre 2017,PS4
Oddworld : New 'n' Tasty ! sur PS4,17,15.8,no information,JustAddWaterDevelopments,Plate-Forme, 22 Juillet 2014,PS4
Naruto Shippuden Ultimate Ninja Storm 4 sur PS4,17,15.5,19-99€,05Février2016,Blu-Ray, 05 Février 2016,PS4
Magnetic : Cage Closed sur PS4,17,17,no information,GuruGames,Puzzle-Game, 26 Mai 2015,PS4
Deus Ex : Mankind Divided sur PS4,17,14.1,7-99€,EidosMontréal,Cyberpunk, 23 Août 2016,PS4
Lego Dimensions sur PS4,17,12.5,no information,Traveller'sTales,Kids, 29 Septembre 2015,PS4
Nobunaga’s Ambition : Sphere of Influence sur PS4,17,16,14-78€,TecmoKoei,Blu-Ray, 04 Septembre 2015,PS4
Yesterday Origins sur PS4,17,18,9-18€,Microïds,Point'nClick, 10 Novembre 2016,PS4
Yu-Gi-Oh! Legacy of the Duelist sur PS4,17,13.6,no information,Konami,PlayStationStore, 31 Juillet 2015,PS4
Plants vs Zombies : Garden Warfare 2 sur PS4,17,16.6,18-91€,PopCapGames,25Février2016, 25 Février 2016,PS4
Ghost Recon Wildlands sur PS4,17,15.1,19-20€,Ubisoft,+18ans, 07 Mars 2017,PS4
South Park : L'Annale du Destin sur PS4,17,15.9,18-99€,Ubisoft,Animation, 17 Octobre 2017,PS4
Dragon Quest Builders sur PS4,17,17.5,23-99€,SquareEnix,Création, 14 Octobre 2016,PS4
This War Of Mine: The Little Ones sur PS4,17,15.8,19-99€,DeepSilver,Survival-Horror, 29 Janvier 2016,PS4
Bloodborne : The Old Hunters sur PS4,17,16.5,no information,FromSoftware,Fantastique, 24 Novembre 2015,PS4
Styx : Shards of Darkness sur PS4,17,15.6,10-99€,FocusHomeInteractive,Infiltration, 14 Mars 2017,PS4
Furi sur PS4,17,15.9,no information,TheGameBakers,Shoot'emUp, 05 Juillet 2016,PS4
EA Sports UFC 2 sur PS4,17,12.6,21-46€,EASports,Payantàl'acquisition, 17 Mars 2016,PS4
Rez Infinite sur PS4,17,15,no information,Monstars,Shoot'emUp, 13 Octobre 2016,PS4
Madden NFL 17 sur PS4,17,14.9,18-80€,noinformation,noinformation, 23 Août 2016,PS4
NBA 2K17 sur PS4,17,15.2,9-68€,2KSports,Basket, 16 Septembre 2016,PS4
Pyre sur PS4,17,no information,no information,noinformation,noinformation, 25 Juillet 2017,PS4
Ruiner sur PS4,17,17,no information,DevolverDigital,Shooter, 26 Septembre 2017,PS4
Wonder Boy : The Dragon's Trap sur PS4,17,18.4,23-67€,18Avril2017,Jouableensolo, 18 Avril 2017,PS4
Injustice 2 sur PS4,17,15.9,18-99€,NetherRealmStudios,Super-Héros, 18 Mai 2017,PS4
Bioshock : The Collection sur PS4,17,17.3,35-95€,FeralInteractive,IrrationalGames, 16 Septembre 2016,PS4
Sonic Mania sur PS4,17,17.2,no information,noinformation,noinformation, 15 Août 2017,PS4
The Elder Scrolls V : Skyrim : Special Edition sur PS4,17,16.7,32-70€,28Octobre2016,+18ans, 28 Octobre 2016,PS4
Crash Bandicoot N. Sane Trilogy sur PS4,17,16.6,34-03€,Activision,Plate-Forme, 30 Juin 2017,PS4
Wipeout Omega Collection sur PS4,17,17.5,24-90€,EPOSGameStudios,SIEE, 07 Juin 2017,PS4
LocoRoco Remastered sur PS4,17,16.5,no information,noinformation,noinformation, 09 Mai 2017,PS4
NBA 2K18 sur PS4,17,9.8,19-99€,VisualConcepts,Basket, 15 Septembre 2017,PS4
Dark Souls III : The Ringed City sur PS4,17,17.1,no information,FromSoftware,DungeonRPG, 28 Mars 2017,PS4
The Sexy Brutale sur PS4,17,17,19-90€,CavalierGameStudios,Réflexion, 12 Avril 2017,PS4
The Elder Scrolls Online : Morrowind sur PS4,17,18.3,12-99€,noinformation,noinformation, 06 Juin 2017,PS4
Blood Bowl II : Legendary Edition sur PS4,17,17,no information,FocusHomeInteractive,Footballaméricain, 05 Septembre 2017,PS4
A King's Tale : Final Fantasy XV sur PS4,17,14.2,no information,noinformation,noinformation, 29 Novembre 2016,PS4
Madden NFL 18 sur PS4,17,17.5,40-49€,noinformation,noinformation, 25 Août 2017,PS4
Sine Mora Ex sur PS4,17,14,17-99€,THQNordic,Payantàl'acquisition, 08 Août 2017,PS4
Call of Duty : WWII sur PS4,17,13,28-99€,SledgehammerGames,Historique, 03 Novembre 2017,PS4
Dishonored : La Mort de l'Outsider sur PS4,17,15.3,13-99€,BethesdaSoftworks,Infiltration, 15 Septembre 2017,PS4
Wolfenstein II : The New Colossus sur PS4,17,14.8,11-90€,MachineGames,+18ans, 27 Octobre 2017,PS4
XCOM 2 - War of the Chosen sur PS4,17,13.5,no information,Firaxis,Extraterrestres, 29 Août 2017,PS4
Shadow of the Tomb Raider sur PS4,16,16.2,36-76€,noinformation,noinformation, 14 Septembre 2018,PS4
Dragon Quest XI : Les Combattants de la destinée sur PS4,16,17.4,52-99€,SquareEnix,DragonQuestXI:EchoesofanElusiveAge, 04 Septembre 2018,PS4
The Walking Dead : The Final Season sur PS4,16,13.3,no information,noinformation,noinformation, 14 Août 2018,PS4
Mega Man 11 sur PS4,16,17.5,24-99€,noinformation,noinformation, 02 Octobre 2018,PS4
Far Cry 5 sur PS4,16,15.4,36-09€,UbisoftMontreal,Infiltration, 27 Mars 2018,PS4
NHL 19 sur PS4,16,13.8,65-90€,EASports,Jouableensolo, 14 Septembre 2018,PS4
Firewall : Zero Hour sur PS4,16,17.9,39-99€,noinformation,noinformation, 29 Août 2018,PS4
Ni no Kuni 2 : L'avènement d'un nouveau Royaume sur PS4,16,15.2,32-49€,Level-5,+12ans, 23 Mars 2018,PS4
Forgotton Anne sur PS4,16,16,no information,SquareEnixCollective,Puzzle-Game, 15 Mai 2018,PS4
Dark Souls Remastered sur PS4,16,13.5,29-99€,BandaiNamco,HeroicFantasy, 25 Mai 2018,PS4
L'Attaque des Titans 2 sur PS4,16,17.5,43-10€,KoeiTecmo,+18ans, 20 Mars 2018,PS4
The Banner Saga 3 sur PS4,16,19,no information,Stoic,TacticalRPG, 24 Juillet 2018,PS4
EA Sports UFC 3 sur PS4,16,11.7,49-99€,EASports,+18ans, 02 Février 2018,PS4
Unravel Two sur PS4,16,16,19-99€,ColdwoodInteractive,Plate-Forme, 09 Juin 2018,PS4
Mooncrash sur PS4,16,13,no information,noinformation,noinformation, 11 Juin 2018,PS4
Yoku's Island Express sur PS4,16,16,19-99€,VillaGorilla,Plate-Forme, 29 Mai 2018,PS4
The Swords of Ditto sur PS4,16,16,no information,onebitbeyond,Jouableensolo, 24 Avril 2018,PS4
The Council : Episode 3 - Ripples sur PS4,16,16,no information,FocusHomeInteractive,Historique, 24 Juillet 2018,PS4
Iconoclasts sur PS4,16,15,no information,JoakimSandberg,23Janvier2018, 23 Janvier 2018,PS4
Under Night In-Birth EXE:Late[st] sur PS4,16,16,19-99€,FRENCH-BREAD,+12ans, 09 Février 2018,PS4
The Walking Dead : The Final Season : Épisode 1 : Done Running sur PS4,16,16,no information,noinformation,noinformation, 14 Août 2018,PS4
The Walking Dead : Saison 2 : Episode 1 - All That Remains sur PS4,16,18,no information,TelltaleGames,Post-apocalyptique, 31 Octobre 2014,PS4
Shantae : Half-Genie Hero sur PS4,16,17.4,62-90€,WayforwardTechnologies,Plate-Forme, 20 Décembre 2016,PS4
Yakuza Zero : The Place of Oath sur PS4,16,17.2,22-00€,Sega,+18ans, 24 Janvier 2017,PS4
The Banner Saga 2 sur PS4,16,16,no information,Stoic,+16ans, 05 Juillet 2016,PS4
EVE Valkyrie sur PS4,16,14.2,29-99€,CCP,Optionspayantes, 13 Octobre 2016,PS4
Rocket League sur PS4,16,16.9,21-00€,Psyonix,Football, 07 Juillet 2015,PS4
SOMA sur PS4,16,16.6,no information,FrictionalGames,Science-Fiction, 22 Septembre 2015,PS4
LEGO Marvel Super Heroes sur PS4,16,15.3,14-02€,WarnerInteractive,Super-Héros, 29 Novembre 2013,PS4
Resident Evil VII sur PS4,16,16.4,18-49€,Capcom,+18ans, 24 Janvier 2017,PS4
Fallout 4 sur PS4,16,17,14-99€,noinformation,noinformation, 10 Novembre 2015,PS4
Injustice : Les Dieux sont Parmi Nous – Ultimate Edition sur PS4,16,14.3,14-99€,NetherRealmStudios,Super-Héros, 29 Novembre 2013,PS4
Hitman GO Definitive Edition sur PS4,16,16.7,no information,SquareEnixMontreal,+17ans, 23 Février 2016,PS4
God Eater 2 : Rage Burst sur PS4,16,14.5,23-24€,BandaiNamco,Fantastique, 30 Août 2016,PS4
The Evil Within sur PS4,16,15.5,17-50€,TangoGameworksstudio,Survival-Horror, 14 Octobre 2014,PS4
Beyond : Two Souls sur PS4,16,16.3,no information,Sony,Oui,jusqu'àdeuxjoueurs, 26 Novembre 2015,PS4
The Vanishing of Ethan Carter sur PS4,16,16.6,no information,TheAstronauts,Survival-Horror, 15 Juillet 2015,PS4
Resident Evil 4 HD sur PS4,16,11.3,17-76€,Capcom,Zombies, 30 Août 2016,PS4
Puyo Puyo Tetris sur PS4,16,16,26-95€,Sega,+3ans, 28 Avril 2017,PS4
Battlefield 4 sur PS4,16,15.7,17-90€,Dice,Contemporain, 29 Novembre 2013,PS4
Project CARS sur PS4,16,14.3,16-99€,SlightlyMadStudios,Simulation, 07 Mai 2015,PS4
Worms Battlegrounds sur PS4,16,15.2,17-99€,Team17,Jouableensolo, 30 Mai 2014,PS4
Pix the Cat sur PS4,16,14.2,no information,Pastagames,jusqu'à4joueursenmodeArena, 08 Octobre 2014,PS4
The Wolf Among Us : Episode 4 - In Sheep's Clothing sur PS4,16,13.5,no information,TelltaleGames,Fantastique, 07 Novembre 2014,PS4
Disgaea 5 : Alliance of Vengeance sur PS4,16,18.7,54-90€,NISAmerica,Tactique, 16 Octobre 2015,PS4
Wolfenstein : The New Order sur PS4,16,16.2,14-99€,MachineGames,+18ans, 20 Mai 2014,PS4
Alien : Isolation sur PS4,16,17.1,24-14€,TheCreativeAssembly,Infiltration, 07 Octobre 2014,PS4
Outlast sur PS4,16,17,no information,RedBarrels,Enquête, 05 Février 2014,PS4
The Walking Dead : Episode 1 - A New Day sur PS4,16,16,no information,TelltaleGames,Post-apocalyptique, 14 Octobre 2014,PS4
Night in the Woods sur PS4,16,17,no information,InfiniteFall,Animaux, 28 Février 2017,PS4
The Witness sur PS4,16,17.3,no information,Thekla,Siteofficiel, 26 Janvier 2016,PS4
Just Dance 2014 sur PS4,16,12.5,23-46€,Ubisoft,Blu-Ray, 29 Novembre 2013,PS4
Romancing SaGa 2 sur PS4,16,14.3,no information,Squaresoft,Textesenjaponais, 15 Décembre 2017,PS4
DiRT Rally sur PS4,16,15.8,21-51€,Codemasters,Blu-Ray, 05 Avril 2016,PS4
inFAMOUS : Second Son sur PS4,16,16.4,15-59€,SuckerPunch,Contemporain, 21 Mars 2014,PS4
The Walking Dead : Saison 2 sur PS4,16,16.7,34-25€,TelltaleGames,Post-apocalyptique, 24 Octobre 2014,PS4
Sleeping Dogs : Definitive Edition sur PS4,16,15.6,16-09€,UnitedFrontGames,Contemporain, 14 Octobre 2014,PS4
Senran Kagura : Estival Versus sur PS4,16,14.5,no information,noinformation,noinformation, 18 Mars 2016,PS4
Skyforge sur PS4,16,16.8,no information,AllodsTeam,Siteofficiel, 11 Août 2015,PS4
Styx : Master of Shadows sur PS4,16,15.4,no information,Focus,Infiltration, 07 Octobre 2014,PS4
Lara Croft and the Temple of Osiris sur PS4,16,14.6,16-80€,SquareEnix,Mythologie, 09 Décembre 2014,PS4
Resident Evil 5 sur PS4,16,13.4,18-90€,Capcom,Post-apocalyptique, 28 Juin 2016,PS4
Blood Bowl II sur PS4,16,10.7,17-00€,Focus,Crossmedia, 22 Septembre 2015,PS4
Pro Evolution Soccer 2015 sur PS4,16,15.3,6-56€,Konami,+3ans, 13 Novembre 2014,PS4
Final Fantasy XIV : A Realm Reborn sur PS4,16,15.7,19-90€,SquareEnix,HeroicFantasy, 14 Avril 2014,PS4
LawBreakers sur PS4,16,15.7,no information,NexonEurope,Multienligne, 08 Août 2017,PS4
Assassin's Creed IV : Black Flag sur PS4,16,16.5,11-20€,Ubisoft,AmériqueduNord, 21 Novembre 2013,PS4
Madden NFL 15 sur PS4,16,15.4,11-99€,ElectronicArts,+3ans, 29 Août 2014,PS4
Kerbal Space Program sur PS4,16,10,no information,Squad,+12ans, 13 Juillet 2016,PS4
Badland : Game of the Year Edition sur PS4,16,17.7,no information,Frogmind,Siteofficiel, 27 Mai 2015,PS4
Dying Light sur PS4,16,16.7,29-99€,WarnerBrosGames,Survival-Horror, 27 Janvier 2015,PS4
One Piece Unlimited World Red Deluxe Edition sur PS4,16,13,no information,BandaiNamco,Animation, 25 Août 2017,PS4
Far Cry 4 sur PS4,16,16.3,13-67€,UbisoftMontreal,Contemporain, 18 Novembre 2014,PS4
N++ sur PS4,16,19.3,no information,MetanetSoftwareInc.,Siteofficiel, 28 Juillet 2015,PS4
Resogun sur PS4,16,14.2,no information,Housemarque,Shoot'emUp, 29 Novembre 2013,PS4
LastFight sur PS4,16,16,no information,Piranaking,PlayStationStore, 20 Septembre 2016,PS4
Tembo The Badass Elephant sur PS4,16,17.5,no information,Sega,Plate-Forme, 21 Juillet 2015,PS4
Guitar Hero Live sur PS4,16,13.5,45-00€,Activision,Musique, 23 Octobre 2015,PS4
Madden NFL 16 sur PS4,16,16.7,20-16€,EASports,+3ans, 25 Août 2015,PS4
FIFA 16 sur PS4,16,8.8,3-98€,ElectronicArts,Football, 25 Septembre 2015,PS4
NHL 16 sur PS4,16,13.6,28-29€,noinformation,noinformation, 18 Septembre 2015,PS4
Need for Speed sur PS4,16,12.9,17-98€,ElectronicArts,Automobile, 05 Novembre 2015,PS4
Armello sur PS4,16,17,16-42€,LeagueofGeeks,Jeudecartes, 01 Septembre 2015,PS4
Pro Evolution Soccer 2016 sur PS4,16,12.4,9-99€,Konami,+3ans, 17 Septembre 2015,PS4
Tales of Berseria sur PS4,16,17.2,29-97€,BandaiNamcoEntertainment,Jouableensolo, 27 Janvier 2017,PS4
Mega Man Legacy Collection sur PS4,16,15.5,no information,Capcom,Jouableensolo, 25 Août 2015,PS4
Trackmania Turbo sur PS4,16,15.1,15-17€,Nadeo,Automobile, 24 Mars 2016,PS4
For Honor sur PS4,16,14.5,12-99€,UbisoftMontreal,Historique, 14 Février 2017,PS4
RIGS : Mechanized Combat League sur PS4,16,16.2,14-99€,Sony,Mecha, 13 Octobre 2016,PS4
Destiny Extension III : Le roi des corrompus sur PS4,16,16.5,11-70€,Bungie,Fantastique, 15 Septembre 2015,PS4
Project CARS 2 sur PS4,16,15.1,14-99€,BandaiNamco,Simulation, 22 Septembre 2017,PS4
Dying Light : The Following sur PS4,16,17.7,26-99€,noinformation,noinformation, 09 Février 2016,PS4
Worms : Weapons of Mass Destruction sur PS4,16,17.8,15-19€,Team17,Fantastique, 25 Août 2016,PS4
Hob sur PS4,16,15,no information,noinformation,noinformation, 26 Septembre 2017,PS4
Battle Chasers : Nightwar sur PS4,16,17.5,no information,AirshipSyndicate,Fantastique, 03 Octobre 2017,PS4
Toukiden 2 sur PS4,16,12,15-90€,KoeiTecmo,Mythologie, 24 Mars 2017,PS4
The King of Fighters XIV sur PS4,16,14.9,40-00€,SNKPlaymore,Multiencompétitif, 26 Août 2016,PS4
FIFA 17 sur PS4,16,9.9,9-50€,EASports,+3ans, 29 Septembre 2016,PS4
Far Cry Primal sur PS4,16,16.3,17-47€,Ubisoft,+18ans, 23 Février 2016,PS4
Future Unfolding sur PS4,16,16,no information,SpacesofPlay,Jouableensolo, 16 Mai 2017,PS4
Batman : The Telltale Series sur PS4,16,14.5,13-68€,noinformation,noinformation, 02 Août 2016,PS4
Ys VIII : Lacrimosa of Dana sur PS4,16,17.7,32-95€,Falcom,Blu-Ray, 15 Septembre 2017,PS4
Fallout 4 : Far Harbor sur PS4,16,16.6,no information,BethesdaSoftworks,+18ans, 19 Mai 2016,PS4
Werewolves Within sur PS4,16,16.9,no information,Ubisoft,Jeudesociété, 06 Décembre 2016,PS4
Pro Evolution Soccer 2017 sur PS4,16,14.4,8-79€,Konami,+3ans, 15 Septembre 2016,PS4
Hand of Fate 2 sur PS4,16,16,no information,DefiantDevelopment,Jeudecartes, 07 Novembre 2017,PS4
Call of Duty 4 : Modern Warfare Remastered sur PS4,16,12,19-49€,Activision,Contemporain, 04 Novembre 2016,PS4
Star Wars : Battlefront II sur PS4,16,13.5,15-19€,ElectronicArts,Science-Fiction, 17 Novembre 2017,PS4
Dragon Ball Xenoverse 2 sur PS4,16,14.4,23-99€,BandaiNamco,Animation, 28 Octobre 2016,PS4
Atelier Firis : The Alchemist and the Mysterious Journey sur PS4,16,16.3,31-25€,noinformation,noinformation, 10 Mars 2017,PS4
Absolver sur PS4,16,12.5,no information,DevolverDigital,ActionRPG, 29 Août 2017,PS4
F1 2016 sur PS4,16,15.7,15-38€,Codemasters,Formule1, 19 Août 2016,PS4
Skylanders Imaginators sur PS4,16,9.3,24-99€,14Octobre2016,Payantàl'acquisition, 14 Octobre 2016,PS4
Tom Clancy's The Division : Survie sur PS4,16,13.3,no information,MassiveEntertainment,Post-apocalyptique, 20 Décembre 2016,PS4
Prey sur PS4,16,15,10-45€,ArkaneStudios,Futuriste, 05 Mai 2017,PS4
Just Dance 2017 sur PS4,16,no information,17-09€,Ubisoft,Musique, 25 Octobre 2016,PS4
Grow Up sur PS4,16,16.6,no information,Ubisoft,Plate-Forme, 16 Août 2016,PS4
Batman Arkham VR sur PS4,16,15.6,no information,WarnerInteractive,Contemporain, 13 Octobre 2016,PS4
New Everybody’s Golf sur PS4,16,17.7,no information,ClapHanz,Golf, 31 Août 2017,PS4
Sundered sur PS4,16,15,no information,ThunderLotusGames,Siteofficiel, 28 Juillet 2017,PS4
Divinity : Original Sin II - Definitive Edition sur ONE,19,19,44-99€,noinformation,noinformation, 31 Août 2018,ONE
NieR Automata sur ONE,19,16.5,no information,SquareEnix,ActionRPG, 26 Juin 2018,ONE
The Witcher 3 : Wild Hunt sur ONE,19,18.6,24-47€,CDProjektRED,Fantastique, 19 Mai 2015,ONE
Inside sur ONE,19,17,no information,Playdead,+18ans, 29 Juin 2016,ONE
The Walking Dead : Saison 1 sur ONE,19,16.9,29-79€,TelltaleGames,Post-apocalyptique, 24 Octobre 2014,ONE
Ori and the Blind Forest sur ONE,19,18.8,no information,MoonStudio,Plate-Forme, 11 Mars 2015,ONE
The Walking Dead : Episode 5 - No Time Left sur ONE,19,14.5,no information,TelltaleGames,Post-apocalyptique, 14 Octobre 2014,ONE
Divinity : Original Sin - Enhanced Edition sur ONE,19,17.2,22-90€,FocusHomeInteractive,HeroicFantasy, 27 Octobre 2015,ONE
Dark Souls III sur ONE,19,16.7,15-50€,noinformation,noinformation, 12 Avril 2016,ONE
Unravel sur ONE,19,16.4,no information,ColdwoodInteractive,Réflexion, 09 Février 2016,ONE
Dishonored : Definitive Edition sur ONE,19,14,13-80€,noinformation,noinformation, 25 Août 2015,ONE
The Witcher 3 : Wild Hunt - Blood and Wine sur ONE,19,18.9,no information,noinformation,noinformation, 31 Mai 2016,ONE
Forza Horizon 3 sur ONE,19,17.5,34-99€,PlaygroundGames,Multienligne, 27 Septembre 2016,ONE
Okami HD sur ONE,19,18,14-99€,noinformation,noinformation, 12 Décembre 2017,ONE
Assassin's Creed Odyssey sur ONE,18,17.1,59-99€,Ubisoft,ActionRPG, 05 Octobre 2018,ONE
Forza Horizon 4 sur ONE,18,15.7,48-99€,MicrosoftStudios,02Octobre2018, 02 Octobre 2018,ONE
Dragon Ball FighterZ sur ONE,18,13.3,44-15€,ArcSystemWorks,+12ans, 26 Janvier 2018,ONE
Monster Hunter World sur ONE,18,15.8,29-99€,Capcom,Jouableensolo, 26 Janvier 2018,ONE
Dead Cells sur ONE,18,18,no information,MotionTwin,Plate-Forme, 07 Août 2018,ONE
Final Fantasy XV : Édition Royale sur ONE,18,13.3,no information,SquareEnix,+16ans, 06 Mars 2018,ONE
Celeste sur ONE,18,18,no information,MattMakesGames,Jouableensolo, 25 Janvier 2018,ONE
Life is Strange sur ONE,18,19,25-91€,DONTNODEntertainment,Fantastique, 30 Janvier 2015,ONE
Metal Gear Solid V : The Phantom Pain sur ONE,18,17.8,18-99€,KojimaProductions,Infiltration, 01 Septembre 2015,ONE
Child of Light sur ONE,18,17.8,no information,UbisoftMontreal,Fantastique, 30 Avril 2014,ONE
Watch Dogs sur ONE,18,15.5,9-04€,Ubisoft,Contemporain, 27 Mai 2014,ONE
Rise of the Tomb Raider sur ONE,18,17.3,19-59€,CrystalDynamics,Contemporain, 13 Novembre 2015,ONE
Call of Duty : Advanced Warfare sur ONE,18,13.6,8-69€,SledgehammerGames,Contemporain, 04 Novembre 2014,ONE
Mount & Blade : Warband sur ONE,18,12.8,31-79€,TaleWorldsEntertainment,ActionRPG, 16 Septembre 2016,ONE
Tomb Raider : Definitive Edition sur ONE,18,17,19-80€,CrystalDynamics,+18ans, 31 Janvier 2014,ONE
The Walking Dead : Saison 2 : Episode 3 - In Harm’s Way sur ONE,18,18,no information,TelltaleGames,Post-apocalyptique, 31 Octobre 2014,ONE
What Remains of Edith Finch sur ONE,18,19,no information,SCESantaMonicaStudio,Autres, 19 Juillet 2017,ONE
Grand Theft Auto V sur ONE,18,17.7,24-89€,RockstarGames,Contemporain, 18 Novembre 2014,ONE
Final Fantasy XV sur ONE,18,15.5,11-95€,SquareEnix,HeroicFantasy, 29 Novembre 2016,ONE
The Walking Dead : Episode 3 - Long Road Ahead sur ONE,18,18,no information,TelltaleGames,Post-apocalyptique, 14 Octobre 2014,ONE
Life is Strange - Episode 1 - Chrysalis sur ONE,18,17,no information,DONTNODEntertainment,Fantastique, 30 Janvier 2015,ONE
Call of Duty : Black Ops III sur ONE,18,12.2,23-99€,Activision,Futuriste, 06 Novembre 2015,ONE
Life is Strange - Episode 2 - Out of Time sur ONE,18,16.9,no information,DONTNODEntertainment,Point'nClick, 24 Mars 2015,ONE
NBA 2K16 sur ONE,18,16.2,6-89€,2KSports,Basket, 29 Septembre 2015,ONE
Life is Strange - Episode 3 - Chaos Theory sur ONE,18,18,no information,SquareEnix,Fantastique, 19 Mai 2015,ONE
XCOM 2 sur ONE,18,18.3,12-59€,Firaxis,Science-Fiction, 30 Septembre 2016,ONE
Dishonored 2 sur ONE,18,17.2,9-79€,BethesdaSoftworks,Infiltration, 11 Novembre 2016,ONE
The Witcher 3 : Wild Hunt - Hearts of Stone sur ONE,18,17.9,no information,CDProjekt,Jouableensolo, 13 Octobre 2015,ONE
Shadow Tactics : Blades of the Shogun sur ONE,18,18,20-86€,DaedalicEntertainment,Tactique, 28 Juillet 2017,ONE
Assassin's Creed Origins sur ONE,18,17.9,39-99€,UbisoftMontreal,Infiltration, 27 Octobre 2017,ONE
Pro Evolution Soccer 2019 sur ONE,17,15.4,38-99€,KonamiDigitalEntertainment,Jouableensolo, 30 Août 2018,ONE
No Man's Sky sur ONE,17,15.4,49-99€,HelloGames,Payantàl'acquisition, 27 Mai 2018,ONE
NBA 2K19 sur ONE,17,11.4,44-90€,VisualConcepts,Basket, 11 Septembre 2018,ONE
F1 2018 sur ONE,17,15.4,66-95€,Codemasters,Formule1, 24 Août 2018,ONE
Overcooked 2 sur ONE,17,11,17-37€,Team17,Adresse, 07 Août 2018,ONE
Crash Bandicoot N. Sane Trilogy sur ONE,17,17,30-00€,Activision,Plate-Forme, 29 Juin 2018,ONE
Hellblade : Senua's Sacrifice sur ONE,17,18,no information,NinjaTheory,+18ans, 11 Avril 2018,ONE
The Elder Scrolls Online : Summerset sur ONE,17,17,24-99€,BethesdaSoftworks,MMORPG, 05 Juin 2018,ONE
Sonic Mania Plus sur ONE,17,17,29-99€,Sega,19Juillet2018, 17 Juillet 2018,ONE
Full Metal Furies sur ONE,17,20,no information,CellarDoorGames,+7ans, 17 Janvier 2018,ONE
Mortal Kombat X sur ONE,17,15.6,14-99€,WarnerBrosGames,Fantastique, 14 Avril 2015,ONE
Cuphead sur ONE,17,15,19-99€,StudioMDHR,Jouableensolo, 29 Septembre 2017,ONE
Tekken 7 sur ONE,17,12.7,24-81€,BandaiNamco,Jouableensolo, 02 Juin 2017,ONE
Pillars of Eternity sur ONE,17,17,37-90€,ParadoxInteractive,HeroicFantasy, 29 Août 2017,ONE
Warframe sur ONE,17,15.3,no information,DigitalExtremes,+16ans, 02 Septembre 2014,ONE
NBA 2K15 sur ONE,17,16.8,4-79€,2KSports,Basket, 10 Octobre 2014,ONE
Assassin's Creed Unity sur ONE,17,15,24-79€,UbisoftMontreal,Historique, 13 Novembre 2014,ONE
Titanfall 2 sur ONE,17,17.1,9-54€,RespawnEntertainment,Science-Fiction, 28 Octobre 2016,ONE
Hitman sur ONE,17,16,36-41€,SquareEnix,Infiltration, 31 Janvier 2017,ONE
Path of Exile sur ONE,17,16,no information,GrindingGearGames,Siteofficiel, 24 Août 2017,ONE
Killer Instinct sur ONE,17,15.6,14-99€,DoubleHelixGames,Fantastique, 22 Novembre 2013,ONE
Tom Clancy's The Division sur ONE,17,14.6,16-49€,MassiveEntertainment,Post-apocalyptique, 08 Mars 2016,ONE
Watch Dogs 2 sur ONE,17,16.6,17-99€,Ubisoft,Contemporain, 15 Novembre 2016,ONE
EA Sports UFC sur ONE,17,14.5,8-45€,EAFightingTeam,Artsmartiaux, 17 Juin 2014,ONE
Trials Fusion sur ONE,17,15.4,14-89€,UbisoftKiev,RedLynx, 16 Avril 2014,ONE
Forza Horizon 2 sur ONE,17,17.8,26-46€,PlaygroundGames,Automobile, 03 Octobre 2014,ONE
Tales from the Borderlands sur ONE,17,14,22-99€,TelltaleGames,Extraterrestres, 26 Novembre 2014,ONE
Resident Evil HD Remaster sur ONE,17,18.4,no information,Capcom,Zombies, 20 Janvier 2015,ONE
Overwatch sur ONE,17,15.7,26-30€,BlizzardEntertainment,Cyberpunk, 24 Mai 2016,ONE
Resident Evil 6 sur ONE,17,13.4,19-90€,Capcom,Contemporain, 29 Mars 2016,ONE
The Walking Dead : Episode 2 - Starved for Help sur ONE,17,17,no information,TelltaleGames,Post-apocalyptique, 14 Octobre 2014,ONE
Ultimate Marvel vs. Capcom 3 sur ONE,17,16,no information,Capcom,Multienligne, 07 Mars 2017,ONE
Diablo III : Ultimate Evil Edition sur ONE,17,18,19-99€,BlizzardEntertainment,HeroicFantasy, 19 Août 2014,ONE
Destiny 2 sur ONE,17,12.6,10-00€,Bungie,Science-Fiction, 06 Septembre 2017,ONE
The Walking Dead : Saison 2 : Episode 2 - A House Divided sur ONE,17,17,no information,TelltaleGames,Post-apocalyptique, 31 Octobre 2014,ONE
Battlefield 1 sur ONE,17,13.8,19-99€,Dice,1èreGuerreMondiale, 21 Octobre 2016,ONE
Tom Clancy's Rainbow Six Siege sur ONE,17,16.8,24-99€,Ubisoft,+18ans, 01 Décembre 2015,ONE
NBA 2K14 sur ONE,17,17.4,3-59€,2KSports,Basket, 22 Novembre 2013,ONE
Rayman Legends sur ONE,17,16.2,18-99€,UbisoftMontpellier,Plate-Forme, 20 Février 2014,ONE
Disney Fantasia : Le Pouvoir du Son sur ONE,17,18,9-90€,DisneyInteractive,Rythme, 21 Octobre 2014,ONE
Minecraft sur ONE,17,15.6,21-67€,Mojang,OpenWorld, 05 Septembre 2014,ONE
Rime sur ONE,17,17.6,34-38€,SixFoot,26Mai2017, 26 Mai 2017,ONE
Batman Arkham Knight sur ONE,17,15.4,13-69€,Rocksteady,Animation, 23 Juin 2015,ONE
Halo 5 : Guardians sur ONE,17,14.9,18-90€,343Industries,Science-Fiction, 27 Octobre 2015,ONE
Darksiders II : Deathinitive Edition sur ONE,17,16,19-12€,VigilGames,HeroicFantasy, 27 Octobre 2015,ONE
Dragon Age Inquisition sur ONE,17,17,8-18€,BioWare,HeroicFantasy, 20 Novembre 2014,ONE
L.A. Noire sur ONE,17,0,22-18€,TeamBondi,+18ans, 14 Novembre 2017,ONE
Naruto Shippuden Ultimate Ninja Storm 4 sur ONE,17,15.2,18-28€,05Février2016,Blu-Ray, 05 Février 2016,ONE
Forza Motorsport 6 sur ONE,17,16.9,22-99€,Microsoft,Blu-Ray, 18 Septembre 2015,ONE
Lego Dimensions sur ONE,17,18,no information,Traveller'sTales,Blu-Ray, 29 Septembre 2015,ONE
Yesterday Origins sur ONE,17,17,12-79€,Microïds,Point'nClick, 10 Novembre 2016,ONE
Yu-Gi-Oh! Legacy of the Duelist sur ONE,17,10.7,no information,Konami,XboxLiveArcade, 31 Juillet 2015,ONE
Plants vs Zombies : Garden Warfare 2 sur ONE,17,13.6,21-46€,PopCapGames,25Février2016, 25 Février 2016,ONE
Gears of War 4 sur ONE,17,15.9,11-00€,TheCoalition,TPS, 11 Octobre 2016,ONE
Ghost Recon Wildlands sur ONE,17,16.6,25-09€,Ubisoft,+18ans, 07 Mars 2017,ONE
South Park : L'Annale du Destin sur ONE,17,15.7,19-80€,Ubisoft,Animation, 17 Octobre 2017,ONE
This War Of Mine: The Little Ones sur ONE,17,16,17-73€,noinformation,noinformation, 29 Janvier 2016,ONE
Styx : Shards of Darkness sur ONE,17,15,14-90€,FocusHomeInteractive,Infiltration, 14 Mars 2017,ONE
EA Sports UFC 2 sur ONE,17,10,15-00€,EASports,Payantàl'acquisition, 17 Mars 2016,ONE
Rise & Shine sur ONE,17,18,no information,SuperMegaTeam,Réflexion, 13 Janvier 2017,ONE
Madden NFL 17 sur ONE,17,17.5,15-95€,noinformation,noinformation, 23 Août 2016,ONE
Forza Motorsport 7 sur ONE,17,15.4,27-99€,Microsoft,Simulation, 03 Octobre 2017,ONE
NBA 2K17 sur ONE,17,14.4,7-14€,2KSports,Basket, 16 Septembre 2016,ONE
Ruiner sur ONE,17,18,no information,DevolverDigital,Shooter, 26 Septembre 2017,ONE
Wonder Boy : The Dragon's Trap sur ONE,17,17.5,no information,18Avril2017,Jouableensolo, 18 Avril 2017,ONE
Injustice 2 sur ONE,17,17.5,14-99€,NetherRealmStudios,Super-Héros, 18 Mai 2017,ONE
Bioshock : The Collection sur ONE,17,15.3,20-00€,FeralInteractive,IrrationalGames, 16 Septembre 2016,ONE
Killer Instinct Definitive Edition sur ONE,17,17,19-79€,Microsoft,Fantastique, 20 Septembre 2016,ONE
Sonic Mania sur ONE,17,18.5,no information,noinformation,noinformation, 15 Août 2017,ONE
The Elder Scrolls V : Skyrim : Special Edition sur ONE,17,16.1,no information,28Octobre2016,+18ans, 28 Octobre 2016,ONE
NBA 2K18 sur ONE,17,10.4,17-97€,VisualConcepts,Basket, 15 Septembre 2017,ONE
Dark Souls III : The Ringed City sur ONE,17,17,no information,FromSoftware,DungeonRPG, 28 Mars 2017,ONE
The Sexy Brutale sur ONE,17,17,no information,CavalierGameStudios,Réflexion, 12 Avril 2017,ONE
The Elder Scrolls Online : Morrowind sur ONE,17,no information,10-94€,noinformation,noinformation, 06 Juin 2017,ONE
Blood Bowl II : Legendary Edition sur ONE,17,17,no information,FocusHomeInteractive,Footballaméricain, 05 Septembre 2017,ONE
A King's Tale : Final Fantasy XV sur ONE,17,17,no information,noinformation,noinformation, 29 Novembre 2016,ONE
Madden NFL 18 sur ONE,17,17.7,41-94€,noinformation,noinformation, 25 Août 2017,ONE
Sine Mora Ex sur ONE,17,17,18-91€,THQNordic,Payantàl'acquisition, 08 Août 2017,ONE
Call of Duty : WWII sur ONE,17,14.2,44-99€,SledgehammerGames,Historique, 03 Novembre 2017,ONE
Dishonored : La Mort de l'Outsider sur ONE,17,15.7,12-10€,BethesdaSoftworks,Infiltration, 15 Septembre 2017,ONE
Wolfenstein II : The New Colossus sur ONE,17,15.9,29-24€,BethesdaSoftworks,+18ans, 27 Octobre 2017,ONE
XCOM 2 - War of the Chosen sur ONE,17,17,no information,Firaxis,Extraterrestres, 29 Août 2017,ONE
Shadow of the Tomb Raider sur ONE,16,15.2,53-99€,noinformation,noinformation, 14 Septembre 2018,ONE
The Walking Dead : The Final Season sur ONE,16,14.5,no information,noinformation,noinformation, 14 Août 2018,ONE
Mega Man 11 sur ONE,16,16,24-99€,noinformation,noinformation, 02 Octobre 2018,ONE
Far Cry 5 sur ONE,16,15.3,49-99€,UbisoftMontreal,Infiltration, 27 Mars 2018,ONE
NHL 19 sur ONE,16,16,52-99€,EASports,Jouableensolo, 14 Septembre 2018,ONE
Forgotton Anne sur ONE,16,16,no information,ThroughLineGames,Puzzle-Game, 15 Mai 2018,ONE
Dark Souls Remastered sur ONE,16,7.5,29-99€,FromSoftware,HeroicFantasy, 25 Mai 2018,ONE
L'Attaque des Titans 2 sur ONE,16,17,51-64€,OMEGAForce,+18ans, 20 Mars 2018,ONE
Unravel Two sur ONE,16,16,no information,ColdwoodInteractive,Plate-Forme, 09 Juin 2018,ONE
EA Sports UFC 3 sur ONE,16,12.6,49-99€,EASports,+18ans, 02 Février 2018,ONE
Mooncrash sur ONE,16,17,no information,noinformation,noinformation, 11 Juin 2018,ONE
Yoku's Island Express sur ONE,16,16,21-99€,VillaGorilla,Plate-Forme, 29 Mai 2018,ONE
The Walking Dead : The Final Season : Épisode 1 : Done Running sur ONE,16,16,no information,noinformation,noinformation, 14 Août 2018,ONE
The Walking Dead : Saison 2 : Episode 1 - All That Remains sur ONE,16,20,no information,TelltaleGames,Post-apocalyptique, 31 Octobre 2014,ONE
Shantae : Half-Genie Hero sur ONE,16,19.5,no information,WayforwardTechnologies,Plate-Forme, 20 Décembre 2016,ONE
The Banner Saga 2 sur ONE,16,10,no information,Stoic,+16ans, 01 Juillet 2016,ONE
LEGO Marvel Super Heroes sur ONE,16,15.7,17-99€,WarnerInteractive,Super-Héros, 22 Novembre 2013,ONE
Resident Evil VII sur ONE,16,15.9,22-80€,Capcom,+18ans, 24 Janvier 2017,ONE
Fallout 4 sur ONE,16,16.8,8-89€,noinformation,noinformation, 10 Novembre 2015,ONE
The Evil Within sur ONE,16,15.9,5-78€,TangoGameworksstudio,Survival-Horror, 14 Octobre 2014,ONE
SUPERHOT sur ONE,16,16.8,no information,SuperHotTeam,Siteofficiel, 03 Mai 2016,ONE
Resident Evil 4 HD sur ONE,16,14.3,21-49€,Capcom,Zombies, 30 Août 2016,ONE
Battlefield 4 sur ONE,16,15.6,9-19€,Dice,Contemporain, 22 Novembre 2013,ONE
Worms Battlegrounds sur ONE,16,16,14-99€,Team17,Jouableensolo, 30 Mai 2014,ONE
The Wolf Among Us : Episode 4 - In Sheep's Clothing sur ONE,16,18.5,no information,TelltaleGames,Fantastique, 27 Mai 2014,ONE
Wolfenstein : The New Order sur ONE,16,15.6,5-50€,MachineGames,+18ans, 20 Mai 2014,ONE
Alien : Isolation sur ONE,16,17.4,9-99€,TheCreativeAssembly,Infiltration, 07 Octobre 2014,ONE
Sunset Overdrive sur ONE,16,16.4,13-20€,MicrosoftGameStudios,Post-apocalyptique, 31 Octobre 2014,ONE
The Walking Dead : Episode 1 - A New Day sur ONE,16,16,no information,TelltaleGames,Post-apocalyptique, 14 Octobre 2014,ONE
Just Dance 2014 sur ONE,16,17.3,11-89€,Ubisoft,Blu-Ray, 22 Novembre 2013,ONE
Romancing SaGa 2 sur ONE,16,16,no information,Squaresoft,Textesenjaponais, 15 Décembre 2017,ONE
DiRT Rally sur ONE,16,15.5,34-99€,Codemasters,DVD, 05 Avril 2016,ONE
The Walking Dead : Saison 2 sur ONE,16,17.3,19-99€,TelltaleGames,Post-apocalyptique, 24 Octobre 2014,ONE
Sleeping Dogs : Definitive Edition sur ONE,16,16.8,19-90€,UnitedFrontGames,Contemporain, 14 Octobre 2014,ONE
Styx : Master of Shadows sur ONE,16,12.9,no information,Focus,Infiltration, 07 Octobre 2014,ONE
Lara Croft and the Temple of Osiris sur ONE,16,15,no information,SquareEnix,Mythologie, 09 Décembre 2014,ONE
Resident Evil 5 sur ONE,16,13,20-99€,Capcom,Post-apocalyptique, 28 Juin 2016,ONE
Blood Bowl II sur ONE,16,11.3,9-49€,Focus,Crossmedia, 22 Septembre 2015,ONE
Pro Evolution Soccer 2015 sur ONE,16,13.6,1-20€,Konami,+3ans, 13 Novembre 2014,ONE
Assassin's Creed IV : Black Flag sur ONE,16,16.4,39-79€,Ubisoft,AmériqueduNord, 21 Novembre 2013,ONE
Madden NFL 15 sur ONE,16,15,5-38€,ElectronicArts,+3ans, 29 Août 2014,ONE
Kerbal Space Program sur ONE,16,20,no information,Squad,+12ans, 15 Juillet 2016,ONE
Badland : Game of the Year Edition sur ONE,16,17,no information,Frogmind,Jusqu'à4joueursenlocal, 29 Mai 2015,ONE
Dying Light sur ONE,16,17.3,26-86€,WarnerInteractive,Survival-Horror, 27 Janvier 2015,ONE
Far Cry 4 sur ONE,16,16.2,16-90€,UbisoftMontreal,Contemporain, 18 Novembre 2014,ONE
Quantum Break sur ONE,16,15.1,18-90€,Remedy,TPS, 05 Avril 2016,ONE
LastFight sur ONE,16,16,no information,noinformation,noinformation, 20 Septembre 2016,ONE
Tembo The Badass Elephant sur ONE,16,16,no information,Sega,Plate-Forme, 21 Juillet 2015,ONE
Guitar Hero Live sur ONE,16,14.8,24-63€,Activision,Musique, 23 Octobre 2015,ONE
Madden NFL 16 sur ONE,16,no information,9-83€,EASports,+3ans, 25 Août 2015,ONE
FIFA 16 sur ONE,16,10.4,3-99€,ElectronicArts,Football, 25 Septembre 2015,ONE
NHL 16 sur ONE,16,17.3,8-83€,noinformation,noinformation, 18 Septembre 2015,ONE
Gears of War Ultimate Edition sur ONE,16,16,11-40€,Microsoft,TPS, 25 Août 2015,ONE
Need for Speed sur ONE,16,11.5,15-74€,noinformation,noinformation, 05 Novembre 2015,ONE
Pro Evolution Soccer 2016 sur ONE,16,12.9,6-51€,Konami,+3ans, 17 Septembre 2015,ONE
Mega Man Legacy Collection sur ONE,16,16,no information,Capcom,Jouableensolo, 25 Août 2015,ONE
Rare Replay sur ONE,16,18.1,23-98€,noinformation,noinformation, 04 Août 2015,ONE
Beyond Eyes sur ONE,16,11.6,no information,Tiger&Squid,VisualNovel, 04 Août 2015,ONE
For Honor sur ONE,16,14.3,9-99€,UbisoftMontreal,Historique, 14 Février 2017,ONE
Destiny Extension III : Le roi des corrompus sur ONE,16,15.4,no information,Bungie,Fantastique, 15 Septembre 2015,ONE
Project CARS 2 sur ONE,16,11.1,19-68€,BandaiNamco,Simulation, 22 Septembre 2017,ONE
Dying Light : The Following sur ONE,16,17.8,25-00€,noinformation,noinformation, 09 Février 2016,ONE
Worms : Weapons of Mass Destruction sur ONE,16,17,22-99€,Team17,Fantastique, 25 Août 2016,ONE
EVERSPACE sur ONE,16,16,no information,26Mai2017,Extraterrestres, 26 Mai 2017,ONE
Battle Chasers : Nightwar sur ONE,16,16,no information,AirshipSyndicate,Fantastique, 03 Octobre 2017,ONE
FIFA 17 sur ONE,16,11.6,5-57€,EASports,+3ans, 29 Septembre 2016,ONE
Far Cry Primal sur ONE,16,16.4,24-90€,Ubisoft,+18ans, 23 Février 2016,ONE
Batman : The Telltale Series sur ONE,16,14,14-14€,noinformation,noinformation, 02 Août 2016,ONE
Fallout 4 : Far Harbor sur ONE,16,16,no information,BethesdaSoftworks,+18ans, 19 Mai 2016,ONE
Pro Evolution Soccer 2017 sur ONE,16,15.6,7-95€,Konami,+3ans, 15 Septembre 2016,ONE
Hand of Fate 2 sur ONE,16,16,no information,DefiantDevelopment,Jeudecartes, 01 Décembre 2017,ONE
Call of Duty 4 : Modern Warfare Remastered sur ONE,16,14.8,31-59€,Activision,Contemporain, 04 Novembre 2016,ONE
Star Wars : Battlefront II sur ONE,16,13.7,15-19€,ElectronicArts,Science-Fiction, 17 Novembre 2017,ONE
Dragon Ball Xenoverse 2 sur ONE,16,15.3,23-55€,Dimps,Animation, 28 Octobre 2016,ONE
